,Date,VIXClose
0,2004-01-02,18.22
1,2004-01-05,17.49
2,2004-01-06,16.73
3,2004-01-07,15.5
4,2004-01-08,15.61
5,2004-01-09,16.75
6,2004-01-12,16.82
7,2004-01-13,18.04
8,2004-01-14,16.75
9,2004-01-15,15.56
10,2004-01-16,15.0
11,2004-01-20,15.21
12,2004-01-21,14.34
13,2004-01-22,14.71
14,2004-01-23,14.84
15,2004-01-26,14.55
16,2004-01-27,15.35
17,2004-01-28,16.78
18,2004-01-29,17.14
19,2004-01-30,16.63
20,2004-02-02,17.11
21,2004-02-03,17.34
22,2004-02-04,17.87
23,2004-02-05,17.71
24,2004-02-06,16.0
25,2004-02-09,16.39
26,2004-02-10,15.94
27,2004-02-11,15.39
28,2004-02-12,15.31
29,2004-02-13,15.58
30,2004-02-17,15.4
31,2004-02-18,15.59
32,2004-02-19,15.8
33,2004-02-20,16.04
34,2004-02-23,16.29
35,2004-02-24,15.9
36,2004-02-25,14.93
37,2004-02-26,14.83
38,2004-02-27,14.55
39,2004-03-01,14.44
40,2004-03-02,14.86
41,2004-03-03,14.55
42,2004-03-04,14.4
43,2004-03-05,14.48
44,2004-03-08,15.79
45,2004-03-09,16.6
46,2004-03-10,18.67
47,2004-03-11,20.67
48,2004-03-12,18.3
49,2004-03-15,21.13
50,2004-03-16,20.34
51,2004-03-17,18.11
52,2004-03-18,18.53
53,2004-03-19,19.15
54,2004-03-22,21.58
55,2004-03-23,20.67
56,2004-03-24,19.81
57,2004-03-25,17.88
58,2004-03-26,17.33
59,2004-03-29,16.5
60,2004-03-30,16.28
61,2004-03-31,16.74
62,2004-04-01,16.65
63,2004-04-02,15.64
64,2004-04-05,14.97
65,2004-04-06,15.32
66,2004-04-07,15.76
67,2004-04-08,16.26
68,2004-04-12,15.28
69,2004-04-13,17.26
70,2004-04-14,15.62
71,2004-04-15,15.74
72,2004-04-16,14.94
73,2004-04-19,15.42
74,2004-04-20,16.67
75,2004-04-21,15.6
76,2004-04-22,14.61
77,2004-04-23,14.01
78,2004-04-26,14.77
79,2004-04-27,15.07
80,2004-04-28,16.29
81,2004-04-29,16.6
82,2004-04-30,17.19
83,2004-05-03,16.62
84,2004-05-04,16.55
85,2004-05-05,15.77
86,2004-05-06,17.05
87,2004-05-07,18.13
88,2004-05-10,19.77
89,2004-05-11,18.57
90,2004-05-12,18.14
91,2004-05-13,18.86
92,2004-05-14,18.47
93,2004-05-17,19.96
94,2004-05-18,19.33
95,2004-05-19,18.93
96,2004-05-20,18.67
97,2004-05-21,18.49
98,2004-05-24,18.08
99,2004-05-25,15.96
100,2004-05-26,15.97
101,2004-05-27,15.28
102,2004-05-28,15.5
103,2004-06-01,16.3
104,2004-06-02,16.08
105,2004-06-03,17.03
106,2004-06-04,16.78
107,2004-06-07,15.39
108,2004-06-08,15.01
109,2004-06-09,15.39
110,2004-06-10,15.04
111,2004-06-14,16.07
112,2004-06-15,15.05
113,2004-06-16,14.79
114,2004-06-17,15.15
115,2004-06-18,14.99
116,2004-06-21,15.26
117,2004-06-22,14.31
118,2004-06-23,13.98
119,2004-06-24,14.81
120,2004-06-25,15.19
121,2004-06-28,16.07
122,2004-06-29,15.47
123,2004-06-30,14.34
124,2004-07-01,15.2
125,2004-07-02,15.08
126,2004-07-06,16.25
127,2004-07-07,15.81
128,2004-07-08,16.2
129,2004-07-09,15.78
130,2004-07-12,14.96
131,2004-07-13,14.46
132,2004-07-14,13.76
133,2004-07-15,14.71
134,2004-07-16,14.34
135,2004-07-19,15.17
136,2004-07-20,14.17
137,2004-07-21,16.41
138,2004-07-22,15.75
139,2004-07-23,16.5
140,2004-07-26,17.3
141,2004-07-27,16.55
142,2004-07-28,16.15
143,2004-07-29,15.68
144,2004-07-30,15.32
145,2004-08-02,15.37
146,2004-08-03,16.03
147,2004-08-04,16.21
148,2004-08-05,18.32
149,2004-08-06,19.34
150,2004-08-09,18.89
151,2004-08-10,17.47
152,2004-08-11,18.04
153,2004-08-12,19.08
154,2004-08-13,17.98
155,2004-08-16,17.57
156,2004-08-17,17.02
157,2004-08-18,16.23
158,2004-08-19,16.96
159,2004-08-20,16.0
160,2004-08-23,15.88
161,2004-08-24,15.33
162,2004-08-25,14.98
163,2004-08-26,14.91
164,2004-08-27,14.71
165,2004-08-30,15.44
166,2004-08-31,15.29
167,2004-09-01,14.91
168,2004-09-02,14.28
169,2004-09-03,13.91
170,2004-09-07,14.07
171,2004-09-08,14.06
172,2004-09-09,14.01
173,2004-09-10,13.76
174,2004-09-13,13.17
175,2004-09-14,13.56
176,2004-09-15,14.64
177,2004-09-16,14.39
178,2004-09-17,14.03
179,2004-09-20,14.43
180,2004-09-21,13.66
181,2004-09-22,14.74
182,2004-09-23,14.8
183,2004-09-24,14.28
184,2004-09-27,14.62
185,2004-09-28,13.83
186,2004-09-29,13.21
187,2004-09-30,13.34
188,2004-10-01,12.75
189,2004-10-04,13.41
190,2004-10-05,13.95
191,2004-10-06,13.28
192,2004-10-07,14.5
193,2004-10-08,15.05
194,2004-10-11,14.71
195,2004-10-12,15.05
196,2004-10-13,15.42
197,2004-10-14,16.43
198,2004-10-15,15.04
199,2004-10-18,14.71
200,2004-10-19,15.13
201,2004-10-20,14.85
202,2004-10-21,14.54
203,2004-10-22,15.28
204,2004-10-25,16.58
205,2004-10-26,16.39
206,2004-10-27,15.72
207,2004-10-28,15.39
208,2004-10-29,16.27
209,2004-11-01,16.27
210,2004-11-02,16.18
211,2004-11-03,14.04
212,2004-11-04,13.97
213,2004-11-05,13.84
214,2004-11-08,13.8
215,2004-11-09,13.61
216,2004-11-10,13.08
217,2004-11-11,13.04
218,2004-11-12,13.33
219,2004-11-15,13.38
220,2004-11-16,13.21
221,2004-11-17,13.21
222,2004-11-18,12.98
223,2004-11-19,13.5
224,2004-11-22,12.97
225,2004-11-23,12.67
226,2004-11-24,12.72
227,2004-11-26,12.78
228,2004-11-29,13.3
229,2004-11-30,13.24
230,2004-12-01,12.97
231,2004-12-02,12.98
232,2004-12-03,12.96
233,2004-12-06,13.19
234,2004-12-07,13.67
235,2004-12-08,13.19
236,2004-12-09,12.88
237,2004-12-10,12.76
238,2004-12-13,12.54
239,2004-12-14,12.73
240,2004-12-15,12.35
241,2004-12-16,12.27
242,2004-12-17,11.95
243,2004-12-20,11.83
244,2004-12-21,11.55
245,2004-12-22,11.45
246,2004-12-23,11.23
247,2004-12-27,12.14
248,2004-12-28,12.0
249,2004-12-29,11.62
250,2004-12-30,12.56
251,2004-12-31,13.29
252,2005-01-03,14.08
253,2005-01-04,13.98
254,2005-01-05,14.09
255,2005-01-06,13.58
256,2005-01-07,13.49
257,2005-01-10,13.23
258,2005-01-11,13.19
259,2005-01-12,12.56
260,2005-01-13,12.84
261,2005-01-14,12.43
262,2005-01-18,12.47
263,2005-01-19,13.18
264,2005-01-20,13.83
265,2005-01-21,14.36
266,2005-01-24,14.65
267,2005-01-25,14.06
268,2005-01-26,13.44
269,2005-01-27,13.24
270,2005-01-28,13.24
271,2005-01-31,12.82
272,2005-02-01,12.03
273,2005-02-02,11.66
274,2005-02-03,11.79
275,2005-02-04,11.21
276,2005-02-07,11.73
277,2005-02-08,11.6
278,2005-02-09,12.0
279,2005-02-10,11.51
280,2005-02-11,11.43
281,2005-02-14,11.52
282,2005-02-15,11.27
283,2005-02-16,11.1
284,2005-02-17,11.77
285,2005-02-18,11.18
286,2005-02-22,13.14
287,2005-02-23,12.39
288,2005-02-24,11.57
289,2005-02-25,11.49
290,2005-02-28,12.08
291,2005-03-01,12.04
292,2005-03-02,12.5
293,2005-03-03,12.93
294,2005-03-04,11.94
295,2005-03-07,12.26
296,2005-03-08,12.4
297,2005-03-09,12.7
298,2005-03-10,12.49
299,2005-03-11,12.8
300,2005-03-14,12.39
301,2005-03-15,13.15
302,2005-03-16,13.49
303,2005-03-17,13.29
304,2005-03-18,13.14
305,2005-03-21,13.61
306,2005-03-22,14.27
307,2005-03-23,14.06
308,2005-03-24,13.42
309,2005-03-28,13.75
310,2005-03-29,14.49
311,2005-03-30,13.64
312,2005-03-31,14.02
313,2005-04-01,14.09
314,2005-04-04,14.11
315,2005-04-05,13.68
316,2005-04-06,13.15
317,2005-04-07,12.33
318,2005-04-08,12.62
319,2005-04-11,11.98
320,2005-04-12,11.3
321,2005-04-13,13.31
322,2005-04-14,14.53
323,2005-04-15,17.74
324,2005-04-18,16.56
325,2005-04-19,14.96
326,2005-04-20,16.92
327,2005-04-21,14.41
328,2005-04-22,15.38
329,2005-04-25,14.62
330,2005-04-26,14.91
331,2005-04-27,14.87
332,2005-04-28,16.86
333,2005-04-29,15.31
334,2005-05-02,15.12
335,2005-05-03,14.53
336,2005-05-04,13.85
337,2005-05-05,13.98
338,2005-05-06,14.05
339,2005-05-09,13.75
340,2005-05-10,14.91
341,2005-05-11,14.45
342,2005-05-12,16.12
343,2005-05-13,16.32
344,2005-05-16,15.68
345,2005-05-17,14.57
346,2005-05-18,13.63
347,2005-05-19,13.32
348,2005-05-20,13.14
349,2005-05-23,12.95
350,2005-05-24,12.69
351,2005-05-25,12.58
352,2005-05-26,12.24
353,2005-05-27,12.15
354,2005-05-31,13.29
355,2005-06-01,12.36
356,2005-06-02,11.84
357,2005-06-03,12.15
358,2005-06-06,12.28
359,2005-06-07,12.39
360,2005-06-08,12.7
361,2005-06-09,12.08
362,2005-06-10,11.96
363,2005-06-13,11.65
364,2005-06-14,11.79
365,2005-06-15,11.46
366,2005-06-16,11.15
367,2005-06-17,11.48
368,2005-06-20,11.47
369,2005-06-21,11.08
370,2005-06-22,11.05
371,2005-06-23,12.13
372,2005-06-24,12.18
373,2005-06-27,12.52
374,2005-06-28,11.58
375,2005-06-29,11.77
376,2005-06-30,12.04
377,2005-07-01,11.4
378,2005-07-05,11.68
379,2005-07-06,12.27
380,2005-07-07,12.49
381,2005-07-08,11.45
382,2005-07-11,11.28
383,2005-07-12,10.95
384,2005-07-13,10.84
385,2005-07-14,10.81
386,2005-07-15,10.33
387,2005-07-18,10.77
388,2005-07-19,10.45
389,2005-07-20,10.23
390,2005-07-21,10.97
391,2005-07-22,10.52
392,2005-07-25,11.1
393,2005-07-26,10.99
394,2005-07-27,10.36
395,2005-07-28,10.52
396,2005-07-29,11.57
397,2005-08-01,12.08
398,2005-08-02,11.75
399,2005-08-03,11.83
400,2005-08-04,12.52
401,2005-08-05,12.48
402,2005-08-08,13.21
403,2005-08-09,12.4
404,2005-08-10,12.38
405,2005-08-11,12.42
406,2005-08-12,12.74
407,2005-08-15,12.26
408,2005-08-16,13.52
409,2005-08-17,13.3
410,2005-08-18,13.42
411,2005-08-19,13.42
412,2005-08-22,13.42
413,2005-08-23,13.34
414,2005-08-24,14.17
415,2005-08-25,13.73
416,2005-08-26,13.72
417,2005-08-29,13.52
418,2005-08-30,13.65
419,2005-08-31,12.6
420,2005-09-01,13.15
421,2005-09-02,13.57
422,2005-09-06,12.93
423,2005-09-07,12.52
424,2005-09-08,12.93
425,2005-09-09,11.98
426,2005-09-12,11.65
427,2005-09-13,12.39
428,2005-09-14,12.91
429,2005-09-15,12.49
430,2005-09-16,11.22
431,2005-09-19,12.14
432,2005-09-20,12.64
433,2005-09-21,13.79
434,2005-09-22,13.33
435,2005-09-23,12.96
436,2005-09-26,13.04
437,2005-09-27,12.76
438,2005-09-28,12.63
439,2005-09-29,12.24
440,2005-09-30,11.92
441,2005-10-03,12.46
442,2005-10-04,13.2
443,2005-10-05,14.55
444,2005-10-06,14.96
445,2005-10-07,14.59
446,2005-10-10,15.55
447,2005-10-11,15.63
448,2005-10-12,16.22
449,2005-10-13,16.47
450,2005-10-14,14.87
451,2005-10-17,14.67
452,2005-10-18,15.33
453,2005-10-19,13.5
454,2005-10-20,16.11
455,2005-10-21,16.13
456,2005-10-24,14.74
457,2005-10-25,14.53
458,2005-10-26,14.59
459,2005-10-27,16.02
460,2005-10-28,14.25
461,2005-10-31,15.32
462,2005-11-01,14.85
463,2005-11-02,13.48
464,2005-11-03,13.0
465,2005-11-04,13.17
466,2005-11-07,13.1
467,2005-11-08,13.08
468,2005-11-09,12.8
469,2005-11-10,11.9
470,2005-11-11,11.63
471,2005-11-14,12.18
472,2005-11-15,12.23
473,2005-11-16,12.26
474,2005-11-17,11.25
475,2005-11-18,11.12
476,2005-11-21,10.82
477,2005-11-22,10.6
478,2005-11-23,10.96
479,2005-11-25,10.88
480,2005-11-28,11.84
481,2005-11-29,11.89
482,2005-11-30,12.06
483,2005-12-01,11.24
484,2005-12-02,11.01
485,2005-12-05,11.6
486,2005-12-06,11.52
487,2005-12-07,12.18
488,2005-12-08,12.21
489,2005-12-09,11.69
490,2005-12-12,11.47
491,2005-12-13,11.11
492,2005-12-14,10.48
493,2005-12-15,10.73
494,2005-12-16,10.68
495,2005-12-19,11.38
496,2005-12-20,11.19
497,2005-12-21,10.81
498,2005-12-22,10.29
499,2005-12-23,10.27
500,2005-12-27,11.57
501,2005-12-28,11.35
502,2005-12-29,11.61
503,2005-12-30,12.07
504,2006-01-03,11.14
505,2006-01-04,11.37
506,2006-01-05,11.31
507,2006-01-06,11.0
508,2006-01-09,11.13
509,2006-01-10,10.86
510,2006-01-11,10.94
511,2006-01-12,11.2
512,2006-01-13,11.23
513,2006-01-17,11.91
514,2006-01-18,12.25
515,2006-01-19,11.98
516,2006-01-20,14.56
517,2006-01-23,13.93
518,2006-01-24,13.31
519,2006-01-25,12.87
520,2006-01-26,12.42
521,2006-01-27,11.97
522,2006-01-30,12.39
523,2006-01-31,12.95
524,2006-02-01,12.36
525,2006-02-02,13.23
526,2006-02-03,12.96
527,2006-02-06,13.04
528,2006-02-07,13.59
529,2006-02-08,12.83
530,2006-02-09,13.12
531,2006-02-10,12.87
532,2006-02-13,13.35
533,2006-02-14,12.25
534,2006-02-15,12.31
535,2006-02-16,11.48
536,2006-02-17,12.01
537,2006-02-21,12.41
538,2006-02-22,11.88
539,2006-02-23,11.87
540,2006-02-24,11.46
541,2006-02-27,11.59
542,2006-02-28,12.34
543,2006-03-01,11.54
544,2006-03-02,11.72
545,2006-03-03,11.96
546,2006-03-06,12.74
547,2006-03-07,12.66
548,2006-03-08,12.32
549,2006-03-09,12.68
550,2006-03-10,11.85
551,2006-03-13,11.37
552,2006-03-14,10.74
553,2006-03-15,11.35
554,2006-03-16,11.98
555,2006-03-17,12.12
556,2006-03-20,11.79
557,2006-03-21,11.62
558,2006-03-22,11.21
559,2006-03-23,11.17
560,2006-03-24,11.19
561,2006-03-27,11.46
562,2006-03-28,11.58
563,2006-03-29,10.95
564,2006-03-30,11.57
565,2006-03-31,11.39
566,2006-04-03,11.57
567,2006-04-04,11.14
568,2006-04-05,11.13
569,2006-04-06,11.45
570,2006-04-07,12.26
571,2006-04-10,12.19
572,2006-04-11,13.0
573,2006-04-12,12.76
574,2006-04-13,12.38
575,2006-04-17,12.58
576,2006-04-18,11.4
577,2006-04-19,11.32
578,2006-04-20,11.64
579,2006-04-21,11.59
580,2006-04-24,11.75
581,2006-04-25,11.75
582,2006-04-26,11.76
583,2006-04-27,11.84
584,2006-04-28,11.59
585,2006-05-01,12.54
586,2006-05-02,11.99
587,2006-05-03,11.99
588,2006-05-04,11.86
589,2006-05-05,11.62
590,2006-05-08,12.0
591,2006-05-09,11.99
592,2006-05-10,11.78
593,2006-05-11,12.49
594,2006-05-12,14.19
595,2006-05-15,13.57
596,2006-05-16,13.35
597,2006-05-17,16.26
598,2006-05-18,16.99
599,2006-05-19,17.18
600,2006-05-22,17.72
601,2006-05-23,18.26
602,2006-05-24,17.36
603,2006-05-25,15.5
604,2006-05-26,14.26
605,2006-05-30,18.66
606,2006-05-31,16.44
607,2006-06-01,14.52
608,2006-06-02,14.32
609,2006-06-05,16.65
610,2006-06-06,17.34
611,2006-06-07,17.8
612,2006-06-08,18.35
613,2006-06-09,18.12
614,2006-06-12,20.96
615,2006-06-13,23.81
616,2006-06-14,21.46
617,2006-06-15,15.9
618,2006-06-16,17.25
619,2006-06-19,17.83
620,2006-06-20,16.69
621,2006-06-21,15.52
622,2006-06-22,15.88
623,2006-06-23,15.89
624,2006-06-26,15.62
625,2006-06-27,16.4
626,2006-06-28,15.79
627,2006-06-29,13.03
628,2006-06-30,13.08
629,2006-07-03,13.05
630,2006-07-05,14.15
631,2006-07-06,13.65
632,2006-07-07,13.97
633,2006-07-10,14.02
634,2006-07-11,13.14
635,2006-07-12,14.49
636,2006-07-13,17.79
637,2006-07-14,18.05
638,2006-07-17,18.64
639,2006-07-18,17.74
640,2006-07-19,15.55
641,2006-07-20,16.21
642,2006-07-21,17.4
643,2006-07-24,14.98
644,2006-07-25,14.85
645,2006-07-26,14.62
646,2006-07-27,14.94
647,2006-07-28,14.33
648,2006-07-31,14.95
649,2006-08-01,15.05
650,2006-08-02,14.34
651,2006-08-03,14.46
652,2006-08-04,14.34
653,2006-08-07,15.23
654,2006-08-08,15.23
655,2006-08-09,15.2
656,2006-08-10,14.46
657,2006-08-11,14.3
658,2006-08-14,14.26
659,2006-08-15,13.42
660,2006-08-16,12.41
661,2006-08-17,12.24
662,2006-08-18,11.64
663,2006-08-21,12.22
664,2006-08-22,12.19
665,2006-08-23,12.4
666,2006-08-24,12.4
667,2006-08-25,12.31
668,2006-08-28,12.18
669,2006-08-29,12.28
670,2006-08-30,12.22
671,2006-08-31,12.31
672,2006-09-01,11.96
673,2006-09-05,12.63
674,2006-09-06,13.74
675,2006-09-07,13.88
676,2006-09-08,13.16
677,2006-09-11,12.99
678,2006-09-12,11.92
679,2006-09-13,11.18
680,2006-09-14,11.55
681,2006-09-15,11.76
682,2006-09-18,11.78
683,2006-09-19,11.98
684,2006-09-20,11.39
685,2006-09-21,12.25
686,2006-09-22,12.59
687,2006-09-25,12.12
688,2006-09-26,11.53
689,2006-09-27,11.58
690,2006-09-28,11.72
691,2006-09-29,11.98
692,2006-10-02,12.57
693,2006-10-03,12.24
694,2006-10-04,11.86
695,2006-10-05,11.98
696,2006-10-06,11.56
697,2006-10-09,11.68
698,2006-10-10,11.52
699,2006-10-11,11.62
700,2006-10-12,11.09
701,2006-10-13,10.75
702,2006-10-16,11.09
703,2006-10-17,11.73
704,2006-10-18,11.34
705,2006-10-19,10.9
706,2006-10-20,10.63
707,2006-10-23,11.08
708,2006-10-24,10.78
709,2006-10-25,10.66
710,2006-10-26,10.56
711,2006-10-27,10.8
712,2006-10-30,11.2
713,2006-10-31,11.1
714,2006-11-01,11.51
715,2006-11-02,11.42
716,2006-11-03,11.16
717,2006-11-06,11.16
718,2006-11-07,11.09
719,2006-11-08,10.75
720,2006-11-09,11.01
721,2006-11-10,10.79
722,2006-11-13,10.86
723,2006-11-14,10.5
724,2006-11-15,10.31
725,2006-11-16,10.16
726,2006-11-17,10.05
727,2006-11-20,9.97
728,2006-11-21,9.9
729,2006-11-22,10.14
730,2006-11-24,10.73
731,2006-11-27,12.3
732,2006-11-28,11.62
733,2006-11-29,10.83
734,2006-11-30,10.91
735,2006-12-01,11.66
736,2006-12-04,11.23
737,2006-12-05,11.27
738,2006-12-06,11.33
739,2006-12-07,12.67
740,2006-12-08,12.07
741,2006-12-11,10.71
742,2006-12-12,10.65
743,2006-12-13,10.18
744,2006-12-14,9.97
745,2006-12-15,10.05
746,2006-12-18,10.6
747,2006-12-19,10.3
748,2006-12-20,10.26
749,2006-12-21,10.53
750,2006-12-22,11.36
751,2006-12-26,11.26
752,2006-12-27,10.64
753,2006-12-28,10.99
754,2006-12-29,11.56
755,2007-01-03,12.04
756,2007-01-04,11.51
757,2007-01-05,12.14
758,2007-01-08,12.0
759,2007-01-09,11.91
760,2007-01-10,11.47
761,2007-01-11,10.87
762,2007-01-12,10.15
763,2007-01-16,10.74
764,2007-01-17,10.59
765,2007-01-18,10.85
766,2007-01-19,10.4
767,2007-01-22,10.77
768,2007-01-23,10.34
769,2007-01-24,9.89
770,2007-01-25,11.22
771,2007-01-26,11.13
772,2007-01-29,11.45
773,2007-01-30,10.96
774,2007-01-31,10.42
775,2007-02-01,10.31
776,2007-02-02,10.08
777,2007-02-05,10.55
778,2007-02-06,10.65
779,2007-02-07,10.32
780,2007-02-08,10.44
781,2007-02-09,11.1
782,2007-02-12,11.61
783,2007-02-13,10.34
784,2007-02-14,10.23
785,2007-02-15,10.22
786,2007-02-16,10.02
787,2007-02-20,10.24
788,2007-02-21,10.2
789,2007-02-22,10.18
790,2007-02-23,10.58
791,2007-02-26,11.15
792,2007-02-27,18.31
793,2007-02-28,15.42
794,2007-03-01,15.82
795,2007-03-02,18.61
796,2007-03-05,19.63
797,2007-03-06,15.96
798,2007-03-07,15.24
799,2007-03-08,14.29
800,2007-03-09,14.09
801,2007-03-12,13.99
802,2007-03-13,18.13
803,2007-03-14,17.27
804,2007-03-15,16.43
805,2007-03-16,16.79
806,2007-03-19,14.59
807,2007-03-20,13.27
808,2007-03-21,12.19
809,2007-03-22,12.93
810,2007-03-23,12.95
811,2007-03-26,13.16
812,2007-03-27,13.48
813,2007-03-28,14.98
814,2007-03-29,15.14
815,2007-03-30,14.64
816,2007-04-02,14.53
817,2007-04-03,13.46
818,2007-04-04,13.24
819,2007-04-05,13.23
820,2007-04-09,13.14
821,2007-04-10,12.68
822,2007-04-11,13.49
823,2007-04-12,12.71
824,2007-04-13,12.2
825,2007-04-16,11.98
826,2007-04-17,12.14
827,2007-04-18,12.42
828,2007-04-19,12.54
829,2007-04-20,12.07
830,2007-04-23,13.04
831,2007-04-24,13.12
832,2007-04-25,13.21
833,2007-04-26,12.79
834,2007-04-27,12.45
835,2007-04-30,14.22
836,2007-05-01,13.51
837,2007-05-02,13.08
838,2007-05-03,13.09
839,2007-05-04,12.91
840,2007-05-07,13.15
841,2007-05-08,13.21
842,2007-05-09,12.88
843,2007-05-10,13.6
844,2007-05-11,12.95
845,2007-05-14,13.96
846,2007-05-15,14.01
847,2007-05-16,13.5
848,2007-05-17,13.51
849,2007-05-18,12.76
850,2007-05-21,13.3
851,2007-05-22,13.06
852,2007-05-23,13.24
853,2007-05-24,14.08
854,2007-05-25,13.34
855,2007-05-29,13.53
856,2007-05-30,12.83
857,2007-05-31,13.05
858,2007-06-01,12.78
859,2007-06-04,13.29
860,2007-06-05,13.63
861,2007-06-06,14.87
862,2007-06-07,17.06
863,2007-06-08,14.84
864,2007-06-11,14.71
865,2007-06-12,16.67
866,2007-06-13,14.73
867,2007-06-14,13.64
868,2007-06-15,13.94
869,2007-06-18,13.42
870,2007-06-19,12.85
871,2007-06-20,14.67
872,2007-06-21,14.21
873,2007-06-22,15.75
874,2007-06-25,16.65
875,2007-06-26,18.89
876,2007-06-27,15.53
877,2007-06-28,15.54
878,2007-06-29,16.23
879,2007-07-02,15.4
880,2007-07-03,14.92
881,2007-07-05,15.48
882,2007-07-06,14.72
883,2007-07-09,15.16
884,2007-07-10,17.57
885,2007-07-11,16.64
886,2007-07-12,15.54
887,2007-07-13,15.15
888,2007-07-16,15.59
889,2007-07-17,15.63
890,2007-07-18,16.0
891,2007-07-19,15.23
892,2007-07-20,16.95
893,2007-07-23,16.81
894,2007-07-24,18.55
895,2007-07-25,18.1
896,2007-07-26,20.74
897,2007-07-27,24.17
898,2007-07-30,20.87
899,2007-07-31,23.52
900,2007-08-01,23.67
901,2007-08-02,21.22
902,2007-08-03,25.16
903,2007-08-06,22.94
904,2007-08-07,21.56
905,2007-08-08,21.45
906,2007-08-09,26.48
907,2007-08-10,28.3
908,2007-08-13,26.57
909,2007-08-14,27.68
910,2007-08-15,30.67
911,2007-08-16,30.83
912,2007-08-17,29.99
913,2007-08-20,26.33
914,2007-08-21,25.25
915,2007-08-22,22.89
916,2007-08-23,22.62
917,2007-08-24,20.72
918,2007-08-27,22.72
919,2007-08-28,26.3
920,2007-08-29,23.81
921,2007-08-30,25.06
922,2007-08-31,23.38
923,2007-09-04,22.78
924,2007-09-05,24.58
925,2007-09-06,23.99
926,2007-09-07,26.23
927,2007-09-10,27.38
928,2007-09-11,25.27
929,2007-09-12,24.96
930,2007-09-13,24.76
931,2007-09-14,24.92
932,2007-09-17,26.48
933,2007-09-18,20.35
934,2007-09-19,20.03
935,2007-09-20,20.45
936,2007-09-21,19.0
937,2007-09-24,19.37
938,2007-09-25,18.6
939,2007-09-26,17.63
940,2007-09-27,17.0
941,2007-09-28,18.0
942,2007-10-01,17.84
943,2007-10-02,18.49
944,2007-10-03,18.8
945,2007-10-04,18.44
946,2007-10-05,16.91
947,2007-10-08,17.46
948,2007-10-09,16.12
949,2007-10-10,16.67
950,2007-10-11,18.88
951,2007-10-12,17.73
952,2007-10-15,19.25
953,2007-10-16,20.02
954,2007-10-17,18.54
955,2007-10-18,18.5
956,2007-10-19,22.96
957,2007-10-22,21.64
958,2007-10-23,20.41
959,2007-10-24,20.8
960,2007-10-25,21.17
961,2007-10-26,19.56
962,2007-10-29,19.87
963,2007-10-30,21.07
964,2007-10-31,18.53
965,2007-11-01,23.21
966,2007-11-02,23.01
967,2007-11-05,24.31
968,2007-11-06,21.39
969,2007-11-07,26.49
970,2007-11-08,26.16
971,2007-11-09,28.5
972,2007-11-12,31.09
973,2007-11-13,24.1
974,2007-11-14,25.94
975,2007-11-15,28.06
976,2007-11-16,25.49
977,2007-11-19,26.01
978,2007-11-20,24.88
979,2007-11-21,26.84
980,2007-11-23,25.61
981,2007-11-26,28.91
982,2007-11-27,26.28
983,2007-11-28,24.11
984,2007-11-29,23.97
985,2007-11-30,22.87
986,2007-12-03,23.61
987,2007-12-04,23.79
988,2007-12-05,22.53
989,2007-12-06,20.96
990,2007-12-07,20.85
991,2007-12-10,20.74
992,2007-12-11,23.59
993,2007-12-12,22.47
994,2007-12-13,22.56
995,2007-12-14,23.27
996,2007-12-17,24.52
997,2007-12-18,22.64
998,2007-12-19,21.68
999,2007-12-20,20.58
1000,2007-12-21,18.47
1001,2007-12-24,18.6
1002,2007-12-26,18.66
1003,2007-12-27,20.26
1004,2007-12-28,20.74
1005,2007-12-31,22.5
1006,2008-01-02,23.17
1007,2008-01-03,22.49
1008,2008-01-04,23.94
1009,2008-01-07,23.79
1010,2008-01-08,25.43
1011,2008-01-09,24.12
1012,2008-01-10,23.45
1013,2008-01-11,23.68
1014,2008-01-14,22.9
1015,2008-01-15,23.34
1016,2008-01-16,24.38
1017,2008-01-17,28.46
1018,2008-01-18,27.18
1019,2008-01-22,31.01
1020,2008-01-23,29.02
1021,2008-01-24,27.78
1022,2008-01-25,29.08
1023,2008-01-28,27.78
1024,2008-01-29,27.32
1025,2008-01-30,27.62
1026,2008-01-31,26.2
1027,2008-02-01,24.02
1028,2008-02-04,25.99
1029,2008-02-05,28.24
1030,2008-02-06,28.97
1031,2008-02-07,27.66
1032,2008-02-08,28.01
1033,2008-02-11,27.6
1034,2008-02-12,26.33
1035,2008-02-13,24.88
1036,2008-02-14,25.54
1037,2008-02-15,25.02
1038,2008-02-19,25.59
1039,2008-02-20,24.4
1040,2008-02-21,25.12
1041,2008-02-22,24.06
1042,2008-02-25,23.03
1043,2008-02-26,21.9
1044,2008-02-27,22.69
1045,2008-02-28,23.53
1046,2008-02-29,26.54
1047,2008-03-03,26.28
1048,2008-03-04,25.52
1049,2008-03-05,24.6
1050,2008-03-06,27.55
1051,2008-03-07,27.49
1052,2008-03-10,29.38
1053,2008-03-11,26.36
1054,2008-03-12,27.22
1055,2008-03-13,27.29
1056,2008-03-14,31.16
1057,2008-03-17,32.24
1058,2008-03-18,25.79
1059,2008-03-19,29.84
1060,2008-03-20,26.62
1061,2008-03-24,25.73
1062,2008-03-25,25.72
1063,2008-03-26,26.08
1064,2008-03-27,25.88
1065,2008-03-28,25.71
1066,2008-03-31,25.61
1067,2008-04-01,22.68
1068,2008-04-02,23.43
1069,2008-04-03,23.21
1070,2008-04-04,22.45
1071,2008-04-07,22.42
1072,2008-04-08,22.36
1073,2008-04-09,22.81
1074,2008-04-10,21.98
1075,2008-04-11,23.46
1076,2008-04-14,23.82
1077,2008-04-15,22.78
1078,2008-04-16,20.53
1079,2008-04-17,20.37
1080,2008-04-18,20.13
1081,2008-04-21,20.5
1082,2008-04-22,20.87
1083,2008-04-23,20.26
1084,2008-04-24,20.06
1085,2008-04-25,19.59
1086,2008-04-28,19.64
1087,2008-04-29,20.24
1088,2008-04-30,20.79
1089,2008-05-01,18.88
1090,2008-05-02,18.18
1091,2008-05-05,18.9
1092,2008-05-06,18.21
1093,2008-05-07,19.73
1094,2008-05-08,19.4
1095,2008-05-09,19.41
1096,2008-05-12,17.79
1097,2008-05-13,17.98
1098,2008-05-14,17.66
1099,2008-05-15,16.3
1100,2008-05-16,16.47
1101,2008-05-19,17.01
1102,2008-05-20,17.58
1103,2008-05-21,18.59
1104,2008-05-22,18.05
1105,2008-05-23,19.55
1106,2008-05-27,19.64
1107,2008-05-28,19.07
1108,2008-05-29,18.14
1109,2008-05-30,17.83
1110,2008-06-02,19.83
1111,2008-06-03,20.24
1112,2008-06-04,20.8
1113,2008-06-05,18.63
1114,2008-06-06,23.56
1115,2008-06-09,23.12
1116,2008-06-10,23.18
1117,2008-06-11,24.12
1118,2008-06-12,23.33
1119,2008-06-13,21.22
1120,2008-06-16,20.95
1121,2008-06-17,21.13
1122,2008-06-18,22.24
1123,2008-06-19,21.58
1124,2008-06-20,22.87
1125,2008-06-23,22.64
1126,2008-06-24,22.42
1127,2008-06-25,21.14
1128,2008-06-26,23.93
1129,2008-06-27,23.44
1130,2008-06-30,23.95
1131,2008-07-01,23.65
1132,2008-07-02,25.92
1133,2008-07-03,24.78
1134,2008-07-07,25.78
1135,2008-07-08,23.15
1136,2008-07-09,25.23
1137,2008-07-10,25.59
1138,2008-07-11,27.49
1139,2008-07-14,28.48
1140,2008-07-15,28.54
1141,2008-07-16,25.1
1142,2008-07-17,25.01
1143,2008-07-18,24.05
1144,2008-07-21,23.05
1145,2008-07-22,21.18
1146,2008-07-23,21.31
1147,2008-07-24,23.44
1148,2008-07-25,22.91
1149,2008-07-28,24.23
1150,2008-07-29,22.03
1151,2008-07-30,21.21
1152,2008-07-31,22.94
1153,2008-08-01,22.57
1154,2008-08-04,23.49
1155,2008-08-05,21.14
1156,2008-08-06,20.23
1157,2008-08-07,21.15
1158,2008-08-08,20.66
1159,2008-08-11,20.12
1160,2008-08-12,21.17
1161,2008-08-13,21.55
1162,2008-08-14,20.34
1163,2008-08-15,19.58
1164,2008-08-18,20.98
1165,2008-08-19,21.28
1166,2008-08-20,20.42
1167,2008-08-21,19.82
1168,2008-08-22,18.81
1169,2008-08-25,20.97
1170,2008-08-26,20.49
1171,2008-08-27,19.76
1172,2008-08-28,19.43
1173,2008-08-29,20.65
1174,2008-09-02,21.99
1175,2008-09-03,21.43
1176,2008-09-04,24.03
1177,2008-09-05,23.06
1178,2008-09-08,22.64
1179,2008-09-09,25.47
1180,2008-09-10,24.52
1181,2008-09-11,24.39
1182,2008-09-12,25.66
1183,2008-09-15,31.7
1184,2008-09-16,30.3
1185,2008-09-17,36.22
1186,2008-09-18,33.1
1187,2008-09-19,32.07
1188,2008-09-22,33.85
1189,2008-09-23,35.72
1190,2008-09-24,35.19
1191,2008-09-25,32.82
1192,2008-09-26,34.74
1193,2008-09-29,46.72
1194,2008-09-30,39.39
1195,2008-10-01,39.81
1196,2008-10-02,45.26
1197,2008-10-03,45.14
1198,2008-10-06,52.05
1199,2008-10-07,53.68
1200,2008-10-08,57.53
1201,2008-10-09,63.92
1202,2008-10-10,69.95
1203,2008-10-13,54.99
1204,2008-10-14,55.13
1205,2008-10-15,69.25
1206,2008-10-16,67.61
1207,2008-10-17,70.33
1208,2008-10-20,52.97
1209,2008-10-21,53.11
1210,2008-10-22,69.65
1211,2008-10-23,67.8
1212,2008-10-24,79.13
1213,2008-10-27,80.06
1214,2008-10-28,66.96
1215,2008-10-29,69.96
1216,2008-10-30,62.9
1217,2008-10-31,59.89
1218,2008-11-03,53.68
1219,2008-11-04,47.73
1220,2008-11-05,54.56
1221,2008-11-06,63.68
1222,2008-11-07,56.1
1223,2008-11-10,59.98
1224,2008-11-11,61.44
1225,2008-11-12,66.46
1226,2008-11-13,59.83
1227,2008-11-14,66.31
1228,2008-11-17,69.15
1229,2008-11-18,67.64
1230,2008-11-19,74.26
1231,2008-11-20,80.86
1232,2008-11-21,72.67
1233,2008-11-24,64.7
1234,2008-11-25,60.9
1235,2008-11-26,54.92
1236,2008-11-28,55.28
1237,2008-12-01,68.51
1238,2008-12-02,62.98
1239,2008-12-03,60.72
1240,2008-12-04,63.64
1241,2008-12-05,59.93
1242,2008-12-08,58.49
1243,2008-12-09,58.91
1244,2008-12-10,55.73
1245,2008-12-11,55.78
1246,2008-12-12,54.28
1247,2008-12-15,56.76
1248,2008-12-16,52.37
1249,2008-12-17,49.84
1250,2008-12-18,47.34
1251,2008-12-19,44.93
1252,2008-12-22,44.56
1253,2008-12-23,45.02
1254,2008-12-24,44.21
1255,2008-12-26,43.38
1256,2008-12-29,43.9
1257,2008-12-30,41.63
1258,2008-12-31,40.0
1259,2009-01-02,39.19
1260,2009-01-05,39.08
1261,2009-01-06,38.56
1262,2009-01-07,43.39
1263,2009-01-08,42.56
1264,2009-01-09,42.82
1265,2009-01-12,45.84
1266,2009-01-13,43.27
1267,2009-01-14,49.14
1268,2009-01-15,51.0
1269,2009-01-16,46.11
1270,2009-01-20,56.65
1271,2009-01-21,46.42
1272,2009-01-22,47.29
1273,2009-01-23,47.27
1274,2009-01-26,45.69
1275,2009-01-27,42.25
1276,2009-01-28,39.66
1277,2009-01-29,42.63
1278,2009-01-30,44.84
1279,2009-02-02,45.52
1280,2009-02-03,43.06
1281,2009-02-04,43.85
1282,2009-02-05,43.73
1283,2009-02-06,43.37
1284,2009-02-09,43.64
1285,2009-02-10,46.67
1286,2009-02-11,44.53
1287,2009-02-12,41.25
1288,2009-02-13,42.93
1289,2009-02-17,48.66
1290,2009-02-18,48.46
1291,2009-02-19,47.08
1292,2009-02-20,49.3
1293,2009-02-23,52.62
1294,2009-02-24,45.49
1295,2009-02-25,44.67
1296,2009-02-26,44.66
1297,2009-02-27,46.35
1298,2009-03-02,52.65
1299,2009-03-03,50.93
1300,2009-03-04,47.56
1301,2009-03-05,50.17
1302,2009-03-06,49.33
1303,2009-03-09,49.68
1304,2009-03-10,44.37
1305,2009-03-11,43.61
1306,2009-03-12,41.18
1307,2009-03-13,42.36
1308,2009-03-16,43.74
1309,2009-03-17,40.8
1310,2009-03-18,40.06
1311,2009-03-19,43.68
1312,2009-03-20,45.89
1313,2009-03-23,43.23
1314,2009-03-24,42.93
1315,2009-03-25,42.25
1316,2009-03-26,40.36
1317,2009-03-27,41.04
1318,2009-03-30,45.54
1319,2009-03-31,44.14
1320,2009-04-01,42.28
1321,2009-04-02,42.04
1322,2009-04-03,39.7
1323,2009-04-06,40.93
1324,2009-04-07,40.39
1325,2009-04-08,38.85
1326,2009-04-09,36.53
1327,2009-04-13,37.81
1328,2009-04-14,37.67
1329,2009-04-15,36.17
1330,2009-04-16,35.79
1331,2009-04-17,33.94
1332,2009-04-20,39.18
1333,2009-04-21,37.14
1334,2009-04-22,38.1
1335,2009-04-23,37.15
1336,2009-04-24,36.82
1337,2009-04-27,38.32
1338,2009-04-28,37.95
1339,2009-04-29,36.08
1340,2009-04-30,36.5
1341,2009-05-01,35.3
1342,2009-05-04,34.53
1343,2009-05-05,33.36
1344,2009-05-06,32.45
1345,2009-05-07,33.44
1346,2009-05-08,32.05
1347,2009-05-11,32.87
1348,2009-05-12,31.8
1349,2009-05-13,33.65
1350,2009-05-14,31.37
1351,2009-05-15,33.12
1352,2009-05-18,30.24
1353,2009-05-19,28.8
1354,2009-05-20,29.03
1355,2009-05-21,31.35
1356,2009-05-22,32.63
1357,2009-05-26,30.62
1358,2009-05-27,32.36
1359,2009-05-28,31.67
1360,2009-05-29,28.92
1361,2009-06-01,30.04
1362,2009-06-02,29.63
1363,2009-06-03,31.02
1364,2009-06-04,30.18
1365,2009-06-05,29.62
1366,2009-06-08,29.77
1367,2009-06-09,28.27
1368,2009-06-10,28.46
1369,2009-06-11,28.11
1370,2009-06-12,28.15
1371,2009-06-15,30.81
1372,2009-06-16,32.68
1373,2009-06-17,31.54
1374,2009-06-18,30.03
1375,2009-06-19,27.99
1376,2009-06-22,31.17
1377,2009-06-23,30.58
1378,2009-06-24,29.05
1379,2009-06-25,26.36
1380,2009-06-26,25.93
1381,2009-06-29,25.35
1382,2009-06-30,26.35
1383,2009-07-01,26.22
1384,2009-07-02,27.95
1385,2009-07-06,29.0
1386,2009-07-07,30.85
1387,2009-07-08,31.3
1388,2009-07-09,29.78
1389,2009-07-10,29.02
1390,2009-07-13,26.31
1391,2009-07-14,25.02
1392,2009-07-15,25.89
1393,2009-07-16,25.42
1394,2009-07-17,24.34
1395,2009-07-20,24.4
1396,2009-07-21,23.87
1397,2009-07-22,23.47
1398,2009-07-23,23.43
1399,2009-07-24,23.09
1400,2009-07-27,24.28
1401,2009-07-28,25.01
1402,2009-07-29,25.61
1403,2009-07-30,25.4
1404,2009-07-31,25.92
1405,2009-08-03,25.56
1406,2009-08-04,24.89
1407,2009-08-05,24.9
1408,2009-08-06,25.67
1409,2009-08-07,24.76
1410,2009-08-10,24.99
1411,2009-08-11,25.99
1412,2009-08-12,25.45
1413,2009-08-13,24.71
1414,2009-08-14,24.27
1415,2009-08-17,27.89
1416,2009-08-18,26.18
1417,2009-08-19,26.26
1418,2009-08-20,25.09
1419,2009-08-21,25.01
1420,2009-08-24,25.14
1421,2009-08-25,24.92
1422,2009-08-26,24.95
1423,2009-08-27,24.68
1424,2009-08-28,24.76
1425,2009-08-31,26.01
1426,2009-09-01,29.15
1427,2009-09-02,28.9
1428,2009-09-03,27.1
1429,2009-09-04,25.26
1430,2009-09-08,25.62
1431,2009-09-09,24.32
1432,2009-09-10,23.55
1433,2009-09-11,24.15
1434,2009-09-14,23.86
1435,2009-09-15,23.42
1436,2009-09-16,23.69
1437,2009-09-17,23.65
1438,2009-09-18,23.92
1439,2009-09-21,24.06
1440,2009-09-22,23.08
1441,2009-09-23,23.49
1442,2009-09-24,24.95
1443,2009-09-25,25.61
1444,2009-09-28,24.88
1445,2009-09-29,25.19
1446,2009-09-30,25.61
1447,2009-10-01,28.27
1448,2009-10-02,28.68
1449,2009-10-05,26.84
1450,2009-10-06,25.7
1451,2009-10-07,24.68
1452,2009-10-08,24.18
1453,2009-10-09,23.12
1454,2009-10-12,23.01
1455,2009-10-13,22.99
1456,2009-10-14,22.86
1457,2009-10-15,21.72
1458,2009-10-16,21.43
1459,2009-10-19,21.49
1460,2009-10-20,20.9
1461,2009-10-21,22.22
1462,2009-10-22,20.69
1463,2009-10-23,22.27
1464,2009-10-26,24.31
1465,2009-10-27,24.83
1466,2009-10-28,27.91
1467,2009-10-29,24.76
1468,2009-10-30,30.69
1469,2009-11-02,29.78
1470,2009-11-03,28.81
1471,2009-11-04,27.72
1472,2009-11-05,25.43
1473,2009-11-06,24.19
1474,2009-11-09,23.15
1475,2009-11-10,22.84
1476,2009-11-11,23.04
1477,2009-11-12,24.24
1478,2009-11-13,23.36
1479,2009-11-16,22.89
1480,2009-11-17,22.41
1481,2009-11-18,21.63
1482,2009-11-19,22.63
1483,2009-11-20,22.19
1484,2009-11-23,21.16
1485,2009-11-24,20.47
1486,2009-11-25,20.48
1487,2009-11-27,24.74
1488,2009-11-30,24.51
1489,2009-12-01,21.92
1490,2009-12-02,21.12
1491,2009-12-03,22.46
1492,2009-12-04,21.25
1493,2009-12-07,22.1
1494,2009-12-08,23.69
1495,2009-12-09,22.66
1496,2009-12-10,22.32
1497,2009-12-11,21.59
1498,2009-12-14,21.15
1499,2009-12-15,21.49
1500,2009-12-16,20.54
1501,2009-12-17,22.51
1502,2009-12-18,21.68
1503,2009-12-21,20.49
1504,2009-12-22,19.54
1505,2009-12-23,19.71
1506,2009-12-24,19.47
1507,2009-12-28,19.93
1508,2009-12-29,20.01
1509,2009-12-30,19.96
1510,2009-12-31,21.68
1511,2010-01-04,20.04
1512,2010-01-05,19.35
1513,2010-01-06,19.16
1514,2010-01-07,19.06
1515,2010-01-08,18.13
1516,2010-01-11,17.55
1517,2010-01-12,18.25
1518,2010-01-13,17.85
1519,2010-01-14,17.63
1520,2010-01-15,17.91
1521,2010-01-19,17.58
1522,2010-01-20,18.68
1523,2010-01-21,22.27
1524,2010-01-22,27.31
1525,2010-01-25,25.41
1526,2010-01-26,24.55
1527,2010-01-27,23.14
1528,2010-01-28,23.73
1529,2010-01-29,24.62
1530,2010-02-01,22.59
1531,2010-02-02,21.48
1532,2010-02-03,21.6
1533,2010-02-04,26.08
1534,2010-02-05,26.11
1535,2010-02-08,26.51
1536,2010-02-09,26.0
1537,2010-02-10,25.4
1538,2010-02-11,23.96
1539,2010-02-12,22.73
1540,2010-02-16,22.25
1541,2010-02-17,21.72
1542,2010-02-18,20.63
1543,2010-02-19,20.02
1544,2010-02-22,19.94
1545,2010-02-23,21.37
1546,2010-02-24,20.27
1547,2010-02-25,20.1
1548,2010-02-26,19.5
1549,2010-03-01,19.26
1550,2010-03-02,19.06
1551,2010-03-03,18.83
1552,2010-03-04,18.72
1553,2010-03-05,17.42
1554,2010-03-08,17.79
1555,2010-03-09,17.92
1556,2010-03-10,18.57
1557,2010-03-11,18.06
1558,2010-03-12,17.58
1559,2010-03-15,18.0
1560,2010-03-16,17.69
1561,2010-03-17,16.91
1562,2010-03-18,16.62
1563,2010-03-19,16.97
1564,2010-03-22,16.87
1565,2010-03-23,16.35
1566,2010-03-24,17.55
1567,2010-03-25,18.4
1568,2010-03-26,17.77
1569,2010-03-29,17.59
1570,2010-03-30,17.13
1571,2010-03-31,17.59
1572,2010-04-01,17.47
1573,2010-04-05,17.02
1574,2010-04-06,16.23
1575,2010-04-07,16.62
1576,2010-04-08,16.48
1577,2010-04-09,16.14
1578,2010-04-12,15.58
1579,2010-04-13,16.2
1580,2010-04-14,15.59
1581,2010-04-15,15.89
1582,2010-04-16,18.36
1583,2010-04-19,17.34
1584,2010-04-20,15.73
1585,2010-04-21,16.32
1586,2010-04-22,16.47
1587,2010-04-23,16.62
1588,2010-04-26,17.47
1589,2010-04-27,22.81
1590,2010-04-28,21.08
1591,2010-04-29,18.44
1592,2010-04-30,22.05
1593,2010-05-03,20.19
1594,2010-05-04,23.84
1595,2010-05-05,24.91
1596,2010-05-06,32.8
1597,2010-05-07,40.95
1598,2010-05-10,28.84
1599,2010-05-11,28.32
1600,2010-05-12,25.52
1601,2010-05-13,26.68
1602,2010-05-14,31.24
1603,2010-05-17,30.84
1604,2010-05-18,33.55
1605,2010-05-19,35.32
1606,2010-05-20,45.79
1607,2010-05-21,40.1
1608,2010-05-24,38.32
1609,2010-05-25,34.61
1610,2010-05-26,35.02
1611,2010-05-27,29.68
1612,2010-05-28,32.07
1613,2010-06-01,35.54
1614,2010-06-02,30.17
1615,2010-06-03,29.46
1616,2010-06-04,35.48
1617,2010-06-07,36.57
1618,2010-06-08,33.7
1619,2010-06-09,33.73
1620,2010-06-10,30.57
1621,2010-06-11,28.79
1622,2010-06-14,28.58
1623,2010-06-15,25.87
1624,2010-06-16,25.92
1625,2010-06-17,25.05
1626,2010-06-18,23.95
1627,2010-06-21,24.88
1628,2010-06-22,27.05
1629,2010-06-23,26.91
1630,2010-06-24,29.74
1631,2010-06-25,28.53
1632,2010-06-28,29.0
1633,2010-06-29,34.13
1634,2010-06-30,34.54
1635,2010-07-01,32.86
1636,2010-07-02,30.12
1637,2010-07-06,29.65
1638,2010-07-07,26.84
1639,2010-07-08,25.71
1640,2010-07-09,24.98
1641,2010-07-12,24.43
1642,2010-07-13,24.56
1643,2010-07-14,24.89
1644,2010-07-15,25.14
1645,2010-07-16,26.25
1646,2010-07-19,25.97
1647,2010-07-20,23.93
1648,2010-07-21,25.64
1649,2010-07-22,24.63
1650,2010-07-23,23.47
1651,2010-07-26,22.73
1652,2010-07-27,23.19
1653,2010-07-28,24.25
1654,2010-07-29,24.13
1655,2010-07-30,23.5
1656,2010-08-02,22.01
1657,2010-08-03,22.63
1658,2010-08-04,22.21
1659,2010-08-05,22.1
1660,2010-08-06,21.74
1661,2010-08-09,22.14
1662,2010-08-10,22.37
1663,2010-08-11,25.39
1664,2010-08-12,25.73
1665,2010-08-13,26.24
1666,2010-08-16,26.1
1667,2010-08-17,24.33
1668,2010-08-18,24.59
1669,2010-08-19,26.44
1670,2010-08-20,25.49
1671,2010-08-23,25.66
1672,2010-08-24,27.46
1673,2010-08-25,26.7
1674,2010-08-26,27.37
1675,2010-08-27,24.45
1676,2010-08-30,27.21
1677,2010-08-31,26.05
1678,2010-09-01,23.89
1679,2010-09-02,23.19
1680,2010-09-03,21.31
1681,2010-09-07,23.8
1682,2010-09-08,23.25
1683,2010-09-09,22.81
1684,2010-09-10,21.99
1685,2010-09-13,21.21
1686,2010-09-14,21.56
1687,2010-09-15,22.1
1688,2010-09-16,21.72
1689,2010-09-17,22.01
1690,2010-09-20,21.5
1691,2010-09-21,22.35
1692,2010-09-22,22.51
1693,2010-09-23,23.87
1694,2010-09-24,21.71
1695,2010-09-27,22.54
1696,2010-09-28,22.6
1697,2010-09-29,23.25
1698,2010-09-30,23.7
1699,2010-10-01,22.5
1700,2010-10-04,23.53
1701,2010-10-05,21.76
1702,2010-10-06,21.49
1703,2010-10-07,21.56
1704,2010-10-08,20.71
1705,2010-10-11,18.96
1706,2010-10-12,18.93
1707,2010-10-13,19.07
1708,2010-10-14,19.88
1709,2010-10-15,19.03
1710,2010-10-18,19.09
1711,2010-10-19,20.63
1712,2010-10-20,19.79
1713,2010-10-21,19.27
1714,2010-10-22,18.78
1715,2010-10-25,19.85
1716,2010-10-26,20.22
1717,2010-10-27,20.71
1718,2010-10-28,20.88
1719,2010-10-29,21.2
1720,2010-11-01,21.83
1721,2010-11-02,21.57
1722,2010-11-03,19.56
1723,2010-11-04,18.52
1724,2010-11-05,18.26
1725,2010-11-08,18.29
1726,2010-11-09,19.08
1727,2010-11-10,18.47
1728,2010-11-11,18.64
1729,2010-11-12,20.61
1730,2010-11-15,20.2
1731,2010-11-16,22.58
1732,2010-11-17,21.76
1733,2010-11-18,18.75
1734,2010-11-19,18.04
1735,2010-11-22,18.37
1736,2010-11-23,20.63
1737,2010-11-24,19.56
1738,2010-11-26,22.22
1739,2010-11-29,21.53
1740,2010-11-30,23.54
1741,2010-12-01,21.36
1742,2010-12-02,19.39
1743,2010-12-03,18.01
1744,2010-12-06,18.02
1745,2010-12-07,17.99
1746,2010-12-08,17.74
1747,2010-12-09,17.25
1748,2010-12-10,17.61
1749,2010-12-13,17.55
1750,2010-12-14,17.61
1751,2010-12-15,17.94
1752,2010-12-16,17.39
1753,2010-12-17,16.11
1754,2010-12-20,16.41
1755,2010-12-21,16.49
1756,2010-12-22,15.45
1757,2010-12-23,16.47
1758,2010-12-27,17.67
1759,2010-12-28,17.52
1760,2010-12-29,17.28
1761,2010-12-30,17.52
1762,2010-12-31,17.75
1763,2011-01-03,17.61
1764,2011-01-04,17.38
1765,2011-01-05,17.02
1766,2011-01-06,17.4
1767,2011-01-07,17.14
1768,2011-01-10,17.54
1769,2011-01-11,16.89
1770,2011-01-12,16.24
1771,2011-01-13,16.39
1772,2011-01-14,15.46
1773,2011-01-18,15.87
1774,2011-01-19,17.31
1775,2011-01-20,17.99
1776,2011-01-21,18.47
1777,2011-01-24,17.65
1778,2011-01-25,17.59
1779,2011-01-26,16.64
1780,2011-01-27,16.15
1781,2011-01-28,20.04
1782,2011-01-31,19.53
1783,2011-02-01,17.63
1784,2011-02-02,17.3
1785,2011-02-03,16.69
1786,2011-02-04,15.93
1787,2011-02-07,16.28
1788,2011-02-08,15.81
1789,2011-02-09,15.87
1790,2011-02-10,16.09
1791,2011-02-11,15.69
1792,2011-02-14,15.95
1793,2011-02-15,16.37
1794,2011-02-16,16.72
1795,2011-02-17,16.59
1796,2011-02-18,16.43
1797,2011-02-22,20.8
1798,2011-02-23,22.13
1799,2011-02-24,21.32
1800,2011-02-25,19.22
1801,2011-02-28,18.35
1802,2011-03-01,21.01
1803,2011-03-02,20.7
1804,2011-03-03,18.6
1805,2011-03-04,19.06
1806,2011-03-07,20.66
1807,2011-03-08,19.82
1808,2011-03-09,20.22
1809,2011-03-10,21.88
1810,2011-03-11,20.08
1811,2011-03-14,21.13
1812,2011-03-15,24.32
1813,2011-03-16,29.4
1814,2011-03-17,26.37
1815,2011-03-18,24.44
1816,2011-03-21,20.61
1817,2011-03-22,20.21
1818,2011-03-23,19.17
1819,2011-03-24,18.0
1820,2011-03-25,17.91
1821,2011-03-28,19.44
1822,2011-03-29,18.16
1823,2011-03-30,17.71
1824,2011-03-31,17.74
1825,2011-04-01,17.4
1826,2011-04-04,17.5
1827,2011-04-05,17.25
1828,2011-04-06,16.9
1829,2011-04-07,17.11
1830,2011-04-08,17.87
1831,2011-04-11,16.59
1832,2011-04-12,17.09
1833,2011-04-13,16.92
1834,2011-04-14,16.27
1835,2011-04-15,15.32
1836,2011-04-18,16.96
1837,2011-04-19,15.83
1838,2011-04-20,15.07
1839,2011-04-21,14.69
1840,2011-04-25,15.77
1841,2011-04-26,15.62
1842,2011-04-27,15.35
1843,2011-04-28,14.62
1844,2011-04-29,14.75
1845,2011-05-02,15.99
1846,2011-05-03,16.7
1847,2011-05-04,17.08
1848,2011-05-05,18.2
1849,2011-05-06,18.4
1850,2011-05-09,17.16
1851,2011-05-10,15.91
1852,2011-05-11,16.95
1853,2011-05-12,16.03
1854,2011-05-13,17.07
1855,2011-05-16,18.24
1856,2011-05-17,17.55
1857,2011-05-18,16.23
1858,2011-05-19,15.52
1859,2011-05-20,17.43
1860,2011-05-23,18.27
1861,2011-05-24,17.82
1862,2011-05-25,17.07
1863,2011-05-26,16.09
1864,2011-05-27,15.98
1865,2011-05-31,15.45
1866,2011-06-01,18.3
1867,2011-06-02,18.09
1868,2011-06-03,17.95
1869,2011-06-06,18.49
1870,2011-06-07,18.07
1871,2011-06-08,18.79
1872,2011-06-09,17.77
1873,2011-06-10,18.86
1874,2011-06-13,19.61
1875,2011-06-14,18.26
1876,2011-06-15,21.32
1877,2011-06-16,22.73
1878,2011-06-17,21.85
1879,2011-06-20,19.99
1880,2011-06-21,18.86
1881,2011-06-22,18.52
1882,2011-06-23,19.29
1883,2011-06-24,21.1
1884,2011-06-27,20.56
1885,2011-06-28,19.17
1886,2011-06-29,17.27
1887,2011-06-30,16.52
1888,2011-07-01,15.87
1889,2011-07-05,16.06
1890,2011-07-06,16.34
1891,2011-07-07,15.95
1892,2011-07-08,15.95
1893,2011-07-11,18.39
1894,2011-07-12,19.87
1895,2011-07-13,19.91
1896,2011-07-14,20.8
1897,2011-07-15,19.53
1898,2011-07-18,20.95
1899,2011-07-19,19.21
1900,2011-07-20,19.09
1901,2011-07-21,17.56
1902,2011-07-22,17.52
1903,2011-07-25,19.35
1904,2011-07-26,20.23
1905,2011-07-27,22.98
1906,2011-07-28,23.74
1907,2011-07-29,25.25
1908,2011-08-01,23.66
1909,2011-08-02,24.79
1910,2011-08-03,23.38
1911,2011-08-04,31.66
1912,2011-08-05,32.0
1913,2011-08-08,48.0
1914,2011-08-09,35.06
1915,2011-08-10,42.99
1916,2011-08-11,39.0
1917,2011-08-12,36.36
1918,2011-08-15,31.87
1919,2011-08-16,32.85
1920,2011-08-17,31.58
1921,2011-08-18,42.67
1922,2011-08-19,43.05
1923,2011-08-22,42.44
1924,2011-08-23,36.27
1925,2011-08-24,35.9
1926,2011-08-25,39.76
1927,2011-08-26,35.59
1928,2011-08-29,32.28
1929,2011-08-30,32.89
1930,2011-08-31,31.62
1931,2011-09-01,31.82
1932,2011-09-02,33.92
1933,2011-09-06,37.0
1934,2011-09-07,33.38
1935,2011-09-08,34.32
1936,2011-09-09,38.52
1937,2011-09-12,38.59
1938,2011-09-13,36.91
1939,2011-09-14,34.6
1940,2011-09-15,31.97
1941,2011-09-16,30.98
1942,2011-09-19,32.73
1943,2011-09-20,32.86
1944,2011-09-21,37.32
1945,2011-09-22,41.35
1946,2011-09-23,41.25
1947,2011-09-26,39.02
1948,2011-09-27,37.71
1949,2011-09-28,41.08
1950,2011-09-29,38.84
1951,2011-09-30,42.96
1952,2011-10-03,45.45
1953,2011-10-04,40.82
1954,2011-10-05,37.81
1955,2011-10-06,36.27
1956,2011-10-07,36.2
1957,2011-10-10,33.02
1958,2011-10-11,32.86
1959,2011-10-12,31.26
1960,2011-10-13,30.7
1961,2011-10-14,28.24
1962,2011-10-17,33.39
1963,2011-10-18,31.56
1964,2011-10-19,34.44
1965,2011-10-20,34.78
1966,2011-10-21,31.32
1967,2011-10-24,29.26
1968,2011-10-25,32.22
1969,2011-10-26,29.86
1970,2011-10-27,25.46
1971,2011-10-28,24.53
1972,2011-10-31,29.96
1973,2011-11-01,34.77
1974,2011-11-02,32.74
1975,2011-11-03,30.5
1976,2011-11-04,30.16
1977,2011-11-07,29.85
1978,2011-11-08,27.48
1979,2011-11-09,36.16
1980,2011-11-10,32.81
1981,2011-11-11,30.04
1982,2011-11-14,31.13
1983,2011-11-15,31.22
1984,2011-11-16,33.51
1985,2011-11-17,34.51
1986,2011-11-18,32.0
1987,2011-11-21,32.91
1988,2011-11-22,31.97
1989,2011-11-23,33.98
1990,2011-11-25,34.47
1991,2011-11-28,32.13
1992,2011-11-29,30.64
1993,2011-11-30,27.8
1994,2011-12-01,27.41
1995,2011-12-02,27.52
1996,2011-12-05,27.84
1997,2011-12-06,28.13
1998,2011-12-07,28.67
1999,2011-12-08,30.59
2000,2011-12-09,26.38
2001,2011-12-12,25.67
2002,2011-12-13,25.41
2003,2011-12-14,26.04
2004,2011-12-15,25.11
2005,2011-12-16,24.29
2006,2011-12-19,24.92
2007,2011-12-20,23.22
2008,2011-12-21,21.43
2009,2011-12-22,21.16
2010,2011-12-23,20.73
2011,2011-12-27,21.91
2012,2011-12-28,23.52
2013,2011-12-29,22.65
2014,2011-12-30,23.4
2015,2012-01-03,22.97
2016,2012-01-04,22.22
2017,2012-01-05,21.48
2018,2012-01-06,20.63
2019,2012-01-09,21.07
2020,2012-01-10,20.69
2021,2012-01-11,21.05
2022,2012-01-12,20.47
2023,2012-01-13,20.91
2024,2012-01-17,22.2
2025,2012-01-18,20.89
2026,2012-01-19,19.87
2027,2012-01-20,18.28
2028,2012-01-23,18.67
2029,2012-01-24,18.91
2030,2012-01-25,18.31
2031,2012-01-26,18.57
2032,2012-01-27,18.53
2033,2012-01-30,19.4
2034,2012-01-31,19.44
2035,2012-02-01,18.55
2036,2012-02-02,17.98
2037,2012-02-03,17.1
2038,2012-02-06,17.76
2039,2012-02-07,17.65
2040,2012-02-08,18.16
2041,2012-02-09,18.63
2042,2012-02-10,20.79
2043,2012-02-13,19.04
2044,2012-02-14,19.54
2045,2012-02-15,21.14
2046,2012-02-16,19.22
2047,2012-02-17,17.78
2048,2012-02-21,18.19
2049,2012-02-22,18.19
2050,2012-02-23,16.8
2051,2012-02-24,17.31
2052,2012-02-27,18.19
2053,2012-02-28,17.96
2054,2012-02-29,18.43
2055,2012-03-01,17.26
2056,2012-03-02,17.29
2057,2012-03-05,18.05
2058,2012-03-06,20.87
2059,2012-03-07,19.07
2060,2012-03-08,17.95
2061,2012-03-09,17.11
2062,2012-03-12,15.64
2063,2012-03-13,14.8
2064,2012-03-14,15.31
2065,2012-03-15,15.42
2066,2012-03-16,14.47
2067,2012-03-19,15.04
2068,2012-03-20,15.58
2069,2012-03-21,15.13
2070,2012-03-22,15.57
2071,2012-03-23,14.82
2072,2012-03-26,14.26
2073,2012-03-27,15.59
2074,2012-03-28,15.47
2075,2012-03-29,15.48
2076,2012-03-30,15.5
2077,2012-04-02,15.64
2078,2012-04-03,15.66
2079,2012-04-04,16.44
2080,2012-04-05,16.7
2081,2012-04-09,18.81
2082,2012-04-10,20.39
2083,2012-04-11,20.02
2084,2012-04-12,17.2
2085,2012-04-13,19.55
2086,2012-04-16,19.55
2087,2012-04-17,18.46
2088,2012-04-18,18.64
2089,2012-04-19,18.36
2090,2012-04-20,17.44
2091,2012-04-23,18.97
2092,2012-04-24,18.1
2093,2012-04-25,16.82
2094,2012-04-26,16.24
2095,2012-04-27,16.32
2096,2012-04-30,17.15
2097,2012-05-01,16.6
2098,2012-05-02,16.88
2099,2012-05-03,17.56
2100,2012-05-04,19.16
2101,2012-05-07,18.94
2102,2012-05-08,19.05
2103,2012-05-09,20.08
2104,2012-05-10,18.83
2105,2012-05-11,19.89
2106,2012-05-14,21.87
2107,2012-05-15,21.97
2108,2012-05-16,22.27
2109,2012-05-17,24.49
2110,2012-05-18,25.1
2111,2012-05-21,22.01
2112,2012-05-22,22.48
2113,2012-05-23,22.33
2114,2012-05-24,21.54
2115,2012-05-25,21.76
2116,2012-05-29,21.03
2117,2012-05-30,24.14
2118,2012-05-31,24.06
2119,2012-06-01,26.66
2120,2012-06-04,26.12
2121,2012-06-05,24.68
2122,2012-06-06,22.16
2123,2012-06-07,21.72
2124,2012-06-08,21.23
2125,2012-06-11,23.56
2126,2012-06-12,22.09
2127,2012-06-13,24.27
2128,2012-06-14,21.68
2129,2012-06-15,21.11
2130,2012-06-18,18.32
2131,2012-06-19,18.38
2132,2012-06-20,17.24
2133,2012-06-21,20.08
2134,2012-06-22,18.11
2135,2012-06-25,20.38
2136,2012-06-26,19.72
2137,2012-06-27,19.45
2138,2012-06-28,19.71
2139,2012-06-29,17.08
2140,2012-07-02,16.8
2141,2012-07-03,16.66
2142,2012-07-05,17.5
2143,2012-07-06,17.1
2144,2012-07-09,17.98
2145,2012-07-10,18.72
2146,2012-07-11,17.95
2147,2012-07-12,18.33
2148,2012-07-13,16.74
2149,2012-07-16,17.11
2150,2012-07-17,16.48
2151,2012-07-18,16.16
2152,2012-07-19,15.45
2153,2012-07-20,16.27
2154,2012-07-23,18.62
2155,2012-07-24,20.47
2156,2012-07-25,19.34
2157,2012-07-26,17.53
2158,2012-07-27,16.7
2159,2012-07-30,18.03
2160,2012-07-31,18.93
2161,2012-08-01,18.96
2162,2012-08-02,17.57
2163,2012-08-03,15.64
2164,2012-08-06,15.95
2165,2012-08-07,15.99
2166,2012-08-08,15.32
2167,2012-08-09,15.28
2168,2012-08-10,14.74
2169,2012-08-13,13.7
2170,2012-08-14,14.85
2171,2012-08-15,14.63
2172,2012-08-16,14.29
2173,2012-08-17,13.45
2174,2012-08-20,14.02
2175,2012-08-21,15.02
2176,2012-08-22,15.11
2177,2012-08-23,15.96
2178,2012-08-24,15.18
2179,2012-08-27,16.35
2180,2012-08-28,16.49
2181,2012-08-29,17.06
2182,2012-08-30,17.83
2183,2012-08-31,17.47
2184,2012-09-04,17.98
2185,2012-09-05,17.74
2186,2012-09-06,15.6
2187,2012-09-07,14.38
2188,2012-09-10,16.28
2189,2012-09-11,16.41
2190,2012-09-12,15.8
2191,2012-09-13,14.05
2192,2012-09-14,14.51
2193,2012-09-17,14.59
2194,2012-09-18,14.18
2195,2012-09-19,13.88
2196,2012-09-20,14.07
2197,2012-09-21,13.98
2198,2012-09-24,14.15
2199,2012-09-25,15.43
2200,2012-09-26,16.81
2201,2012-09-27,14.84
2202,2012-09-28,15.73
2203,2012-10-01,16.32
2204,2012-10-02,15.71
2205,2012-10-03,15.43
2206,2012-10-04,14.55
2207,2012-10-05,14.33
2208,2012-10-08,15.11
2209,2012-10-09,16.37
2210,2012-10-10,16.29
2211,2012-10-11,15.59
2212,2012-10-12,16.14
2213,2012-10-15,15.27
2214,2012-10-16,15.22
2215,2012-10-17,15.07
2216,2012-10-18,15.03
2217,2012-10-19,17.06
2218,2012-10-22,16.62
2219,2012-10-23,18.83
2220,2012-10-24,18.33
2221,2012-10-25,18.12
2222,2012-10-26,17.81
2223,2012-10-31,18.6
2224,2012-11-01,16.69
2225,2012-11-02,17.59
2226,2012-11-05,18.42
2227,2012-11-06,17.58
2228,2012-11-07,19.08
2229,2012-11-08,18.49
2230,2012-11-09,18.61
2231,2012-11-12,16.68
2232,2012-11-13,16.65
2233,2012-11-14,17.92
2234,2012-11-15,17.99
2235,2012-11-16,16.41
2236,2012-11-19,15.24
2237,2012-11-20,15.08
2238,2012-11-21,15.31
2239,2012-11-23,15.14
2240,2012-11-26,15.5
2241,2012-11-27,15.92
2242,2012-11-28,15.51
2243,2012-11-29,15.06
2244,2012-11-30,15.87
2245,2012-12-03,16.64
2246,2012-12-04,17.12
2247,2012-12-05,16.46
2248,2012-12-06,16.58
2249,2012-12-07,15.9
2250,2012-12-10,16.05
2251,2012-12-11,15.57
2252,2012-12-12,15.95
2253,2012-12-13,16.56
2254,2012-12-14,17.0
2255,2012-12-17,16.34
2256,2012-12-18,15.57
2257,2012-12-19,17.36
2258,2012-12-20,17.67
2259,2012-12-21,17.84
2260,2012-12-24,17.84
2261,2012-12-26,19.48
2262,2012-12-27,19.47
2263,2012-12-28,22.72
2264,2012-12-31,18.02
2265,2013-01-02,14.68
2266,2013-01-03,14.56
2267,2013-01-04,13.83
2268,2013-01-07,13.79
2269,2013-01-08,13.62
2270,2013-01-09,13.81
2271,2013-01-10,13.49
2272,2013-01-11,13.36
2273,2013-01-14,13.52
2274,2013-01-15,13.55
2275,2013-01-16,13.42
2276,2013-01-17,13.57
2277,2013-01-18,12.46
2278,2013-01-22,12.43
2279,2013-01-23,12.46
2280,2013-01-24,12.69
2281,2013-01-25,12.89
2282,2013-01-28,13.57
2283,2013-01-29,13.31
2284,2013-01-30,14.32
2285,2013-01-31,14.28
2286,2013-02-01,12.9
2287,2013-02-04,14.67
2288,2013-02-05,13.72
2289,2013-02-06,13.41
2290,2013-02-07,13.5
2291,2013-02-08,13.02
2292,2013-02-11,12.94
2293,2013-02-12,12.64
2294,2013-02-13,12.98
2295,2013-02-14,12.66
2296,2013-02-15,12.46
2297,2013-02-19,12.31
2298,2013-02-20,14.68
2299,2013-02-21,15.22
2300,2013-02-22,14.17
2301,2013-02-25,18.99
2302,2013-02-26,16.87
2303,2013-02-27,14.73
2304,2013-02-28,15.51
2305,2013-03-01,15.36
2306,2013-03-04,14.01
2307,2013-03-05,13.48
2308,2013-03-06,13.53
2309,2013-03-07,13.06
2310,2013-03-08,12.59
2311,2013-03-11,11.56
2312,2013-03-12,12.27
2313,2013-03-13,11.83
2314,2013-03-14,11.3
2315,2013-03-15,11.3
2316,2013-03-18,13.36
2317,2013-03-19,14.39
2318,2013-03-20,12.67
2319,2013-03-21,13.99
2320,2013-03-22,13.57
2321,2013-03-25,13.74
2322,2013-03-26,12.77
2323,2013-03-27,13.15
2324,2013-03-28,12.7
2325,2013-04-01,13.58
2326,2013-04-02,12.78
2327,2013-04-03,14.21
2328,2013-04-04,13.89
2329,2013-04-05,13.92
2330,2013-04-08,13.19
2331,2013-04-09,12.84
2332,2013-04-10,12.36
2333,2013-04-11,12.24
2334,2013-04-12,12.06
2335,2013-04-15,17.27
2336,2013-04-16,13.96
2337,2013-04-17,16.51
2338,2013-04-18,17.56
2339,2013-04-19,14.97
2340,2013-04-22,14.39
2341,2013-04-23,13.48
2342,2013-04-24,13.61
2343,2013-04-25,13.62
2344,2013-04-26,13.61
2345,2013-04-29,13.71
2346,2013-04-30,13.52
2347,2013-05-01,14.49
2348,2013-05-02,13.59
2349,2013-05-03,12.85
2350,2013-05-06,12.66
2351,2013-05-07,12.83
2352,2013-05-08,12.66
2353,2013-05-09,13.13
2354,2013-05-10,12.59
2355,2013-05-13,12.55
2356,2013-05-14,12.77
2357,2013-05-15,12.81
2358,2013-05-16,13.07
2359,2013-05-17,12.45
2360,2013-05-20,13.02
2361,2013-05-21,13.37
2362,2013-05-22,13.82
2363,2013-05-23,14.07
2364,2013-05-24,13.99
2365,2013-05-28,14.48
2366,2013-05-29,14.83
2367,2013-05-30,14.53
2368,2013-05-31,16.3
2369,2013-06-03,16.28
2370,2013-06-04,16.27
2371,2013-06-05,17.5
2372,2013-06-06,16.63
2373,2013-06-07,15.14
2374,2013-06-10,15.44
2375,2013-06-11,17.07
2376,2013-06-12,18.59
2377,2013-06-13,16.41
2378,2013-06-14,17.15
2379,2013-06-17,16.8
2380,2013-06-18,16.61
2381,2013-06-19,16.64
2382,2013-06-20,20.49
2383,2013-06-21,18.9
2384,2013-06-24,20.11
2385,2013-06-25,18.47
2386,2013-06-26,17.21
2387,2013-06-27,16.86
2388,2013-06-28,16.86
2389,2013-07-01,16.37
2390,2013-07-02,16.44
2391,2013-07-03,16.2
2392,2013-07-05,14.89
2393,2013-07-08,14.78
2394,2013-07-09,14.35
2395,2013-07-10,14.21
2396,2013-07-11,14.01
2397,2013-07-12,13.84
2398,2013-07-15,13.79
2399,2013-07-16,14.42
2400,2013-07-17,13.78
2401,2013-07-18,13.77
2402,2013-07-19,12.54
2403,2013-07-22,12.29
2404,2013-07-23,12.66
2405,2013-07-24,13.18
2406,2013-07-25,12.97
2407,2013-07-26,12.72
2408,2013-07-29,13.39
2409,2013-07-30,13.39
2410,2013-07-31,13.45
2411,2013-08-01,12.94
2412,2013-08-02,11.98
2413,2013-08-05,11.84
2414,2013-08-06,12.72
2415,2013-08-07,12.98
2416,2013-08-08,12.73
2417,2013-08-09,13.41
2418,2013-08-12,12.81
2419,2013-08-13,12.31
2420,2013-08-14,13.04
2421,2013-08-15,14.73
2422,2013-08-16,14.37
2423,2013-08-19,15.1
2424,2013-08-20,14.91
2425,2013-08-21,15.94
2426,2013-08-22,14.76
2427,2013-08-23,13.98
2428,2013-08-26,14.99
2429,2013-08-27,16.77
2430,2013-08-28,16.49
2431,2013-08-29,16.81
2432,2013-08-30,17.01
2433,2013-09-03,16.61
2434,2013-09-04,15.88
2435,2013-09-05,15.77
2436,2013-09-06,15.85
2437,2013-09-09,15.63
2438,2013-09-10,14.53
2439,2013-09-11,13.82
2440,2013-09-12,14.29
2441,2013-09-13,14.16
2442,2013-09-16,14.38
2443,2013-09-17,14.53
2444,2013-09-18,13.59
2445,2013-09-19,13.16
2446,2013-09-20,13.12
2447,2013-09-23,14.31
2448,2013-09-24,14.08
2449,2013-09-25,14.01
2450,2013-09-26,14.06
2451,2013-09-27,15.46
2452,2013-09-30,16.6
2453,2013-10-01,15.54
2454,2013-10-02,16.6
2455,2013-10-03,17.67
2456,2013-10-04,16.74
2457,2013-10-07,19.41
2458,2013-10-08,20.34
2459,2013-10-09,19.6
2460,2013-10-10,16.48
2461,2013-10-11,15.72
2462,2013-10-14,16.07
2463,2013-10-15,18.66
2464,2013-10-16,14.71
2465,2013-10-17,13.48
2466,2013-10-18,13.04
2467,2013-10-21,13.16
2468,2013-10-22,13.33
2469,2013-10-23,13.42
2470,2013-10-24,13.2
2471,2013-10-25,13.09
2472,2013-10-28,13.31
2473,2013-10-29,13.41
2474,2013-10-30,13.65
2475,2013-10-31,13.75
2476,2013-11-01,13.28
2477,2013-11-04,12.93
2478,2013-11-05,13.27
2479,2013-11-06,12.67
2480,2013-11-07,13.91
2481,2013-11-08,12.9
2482,2013-11-11,12.53
2483,2013-11-12,12.82
2484,2013-11-13,12.52
2485,2013-11-14,12.37
2486,2013-11-15,12.19
2487,2013-11-18,13.1
2488,2013-11-19,13.39
2489,2013-11-20,13.4
2490,2013-11-21,12.66
2491,2013-11-22,12.26
2492,2013-11-25,12.79
2493,2013-11-26,12.81
2494,2013-11-27,12.98
2495,2013-11-29,13.7
2496,2013-12-02,14.23
2497,2013-12-03,14.55
2498,2013-12-04,14.7
2499,2013-12-05,15.08
2500,2013-12-06,13.79
2501,2013-12-09,13.49
2502,2013-12-10,13.91
2503,2013-12-11,15.42
2504,2013-12-12,15.54
2505,2013-12-13,15.76
2506,2013-12-16,16.03
2507,2013-12-17,16.21
2508,2013-12-18,13.8
2509,2013-12-19,14.15
2510,2013-12-20,13.79
2511,2013-12-23,13.04
2512,2013-12-24,12.48
2513,2013-12-26,12.33
2514,2013-12-27,12.46
2515,2013-12-30,13.56
2516,2013-12-31,13.72
2517,2014-01-02,14.23
2518,2014-01-03,13.76
2519,2014-01-06,13.55
2520,2014-01-07,12.92
2521,2014-01-08,12.87
2522,2014-01-09,12.89
2523,2014-01-10,12.14
2524,2014-01-13,13.28
2525,2014-01-14,12.28
2526,2014-01-15,12.28
2527,2014-01-16,12.53
2528,2014-01-17,12.44
2529,2014-01-21,12.87
2530,2014-01-22,12.84
2531,2014-01-23,13.77
2532,2014-01-24,18.14
2533,2014-01-27,17.42
2534,2014-01-28,15.8
2535,2014-01-29,17.35
2536,2014-01-30,17.29
2537,2014-01-31,18.41
2538,2014-02-03,21.44
2539,2014-02-04,19.11
2540,2014-02-05,19.95
2541,2014-02-06,17.23
2542,2014-02-07,15.29
2543,2014-02-10,15.26
2544,2014-02-11,14.51
2545,2014-02-12,14.3
2546,2014-02-13,14.14
2547,2014-02-14,13.57
2548,2014-02-18,13.87
2549,2014-02-19,15.5
2550,2014-02-20,14.79
2551,2014-02-21,14.68
2552,2014-02-24,14.23
2553,2014-02-25,13.67
2554,2014-02-26,14.35
2555,2014-02-27,14.04
2556,2014-02-28,14.0
2557,2014-03-03,16.0
2558,2014-03-04,14.1
2559,2014-03-05,13.89
2560,2014-03-06,14.21
2561,2014-03-07,14.11
2562,2014-03-10,14.2
2563,2014-03-11,14.8
2564,2014-03-12,14.47
2565,2014-03-13,16.22
2566,2014-03-14,17.82
2567,2014-03-17,15.64
2568,2014-03-18,14.52
2569,2014-03-19,15.12
2570,2014-03-20,14.52
2571,2014-03-21,15.0
2572,2014-03-24,15.09
2573,2014-03-25,14.02
2574,2014-03-26,14.93
2575,2014-03-27,14.62
2576,2014-03-28,14.41
2577,2014-03-31,13.88
2578,2014-04-01,13.1
2579,2014-04-02,13.09
2580,2014-04-03,13.37
2581,2014-04-04,13.96
2582,2014-04-07,15.57
2583,2014-04-08,14.89
2584,2014-04-09,13.82
2585,2014-04-10,15.89
2586,2014-04-11,17.03
2587,2014-04-14,16.11
2588,2014-04-15,15.61
2589,2014-04-16,14.18
2590,2014-04-17,13.36
2591,2014-04-21,13.25
2592,2014-04-22,13.19
2593,2014-04-23,13.27
2594,2014-04-24,13.32
2595,2014-04-25,14.06
2596,2014-04-28,13.97
2597,2014-04-29,13.71
2598,2014-04-30,13.41
2599,2014-05-01,13.25
2600,2014-05-02,12.91
2601,2014-05-05,13.29
2602,2014-05-06,13.8
2603,2014-05-07,13.4
2604,2014-05-08,13.43
2605,2014-05-09,12.92
2606,2014-05-12,12.23
2607,2014-05-13,12.13
2608,2014-05-14,12.17
2609,2014-05-15,13.17
2610,2014-05-16,12.44
2611,2014-05-19,12.42
2612,2014-05-20,12.96
2613,2014-05-21,11.91
2614,2014-05-22,12.03
2615,2014-05-23,11.36
2616,2014-05-27,11.51
2617,2014-05-28,11.68
2618,2014-05-29,11.57
2619,2014-05-30,11.4
2620,2014-06-02,11.58
2621,2014-06-03,11.87
2622,2014-06-04,12.08
2623,2014-06-05,11.68
2624,2014-06-06,10.73
2625,2014-06-09,11.15
2626,2014-06-10,10.99
2627,2014-06-11,11.6
2628,2014-06-12,12.56
2629,2014-06-13,12.18
2630,2014-06-16,12.65
2631,2014-06-17,12.06
2632,2014-06-18,10.61
2633,2014-06-19,10.62
2634,2014-06-20,10.85
2635,2014-06-23,10.98
2636,2014-06-24,12.13
2637,2014-06-25,11.59
2638,2014-06-26,11.63
2639,2014-06-27,11.26
2640,2014-06-30,11.57
2641,2014-07-01,11.15
2642,2014-07-02,10.82
2643,2014-07-03,10.32
2644,2014-07-07,11.33
2645,2014-07-08,11.98
2646,2014-07-09,11.65
2647,2014-07-10,12.59
2648,2014-07-11,12.08
2649,2014-07-14,11.82
2650,2014-07-15,11.96
2651,2014-07-16,11.0
2652,2014-07-17,14.54
2653,2014-07-18,12.06
2654,2014-07-21,12.81
2655,2014-07-22,12.24
2656,2014-07-23,11.52
2657,2014-07-24,11.84
2658,2014-07-25,12.69
2659,2014-07-28,12.56
2660,2014-07-29,13.28
2661,2014-07-30,13.33
2662,2014-07-31,16.95
2663,2014-08-01,17.03
2664,2014-08-04,15.12
2665,2014-08-05,16.87
2666,2014-08-06,16.37
2667,2014-08-07,16.66
2668,2014-08-08,15.77
2669,2014-08-11,14.23
2670,2014-08-12,14.13
2671,2014-08-13,12.9
2672,2014-08-14,12.42
2673,2014-08-15,13.15
2674,2014-08-18,12.32
2675,2014-08-19,12.21
2676,2014-08-20,11.78
2677,2014-08-21,11.76
2678,2014-08-22,11.47
2679,2014-08-25,11.7
2680,2014-08-26,11.63
2681,2014-08-27,11.78
2682,2014-08-28,12.05
2683,2014-08-29,11.98
2684,2014-09-02,12.25
2685,2014-09-03,12.36
2686,2014-09-04,12.64
2687,2014-09-05,12.09
2688,2014-09-08,12.66
2689,2014-09-09,13.5
2690,2014-09-10,12.88
2691,2014-09-11,12.8
2692,2014-09-12,13.31
2693,2014-09-15,14.12
2694,2014-09-16,12.73
2695,2014-09-17,12.65
2696,2014-09-18,12.03
2697,2014-09-19,12.11
2698,2014-09-22,13.69
2699,2014-09-23,14.93
2700,2014-09-24,13.27
2701,2014-09-25,15.64
2702,2014-09-26,14.85
2703,2014-09-29,15.98
2704,2014-09-30,16.31
2705,2014-10-01,16.71
2706,2014-10-02,16.16
2707,2014-10-03,14.55
2708,2014-10-06,15.46
2709,2014-10-07,17.2
2710,2014-10-08,15.11
2711,2014-10-09,18.76
2712,2014-10-10,21.24
2713,2014-10-13,24.64
2714,2014-10-14,22.79
2715,2014-10-15,26.25
2716,2014-10-16,25.2
2717,2014-10-17,21.99
2718,2014-10-20,18.57
2719,2014-10-21,16.08
2720,2014-10-22,17.87
2721,2014-10-23,16.53
2722,2014-10-24,16.11
2723,2014-10-27,16.04
2724,2014-10-28,14.39
2725,2014-10-29,15.15
2726,2014-10-30,14.52
2727,2014-10-31,14.03
2728,2014-11-03,14.73
2729,2014-11-04,14.89
2730,2014-11-05,14.17
2731,2014-11-06,13.67
2732,2014-11-07,13.12
2733,2014-11-10,12.67
2734,2014-11-11,12.92
2735,2014-11-12,13.02
2736,2014-11-13,13.79
2737,2014-11-14,13.31
2738,2014-11-17,13.99
2739,2014-11-18,13.86
2740,2014-11-19,13.96
2741,2014-11-20,13.58
2742,2014-11-21,12.9
2743,2014-11-24,12.62
2744,2014-11-25,12.25
2745,2014-11-26,12.07
2746,2014-11-28,13.33
2747,2014-12-01,14.29
2748,2014-12-02,12.85
2749,2014-12-03,12.47
2750,2014-12-04,12.38
2751,2014-12-05,11.82
2752,2014-12-08,14.21
2753,2014-12-09,14.89
2754,2014-12-10,18.53
2755,2014-12-11,20.08
2756,2014-12-12,21.08
2757,2014-12-15,20.42
2758,2014-12-16,23.57
2759,2014-12-17,19.44
2760,2014-12-18,16.81
2761,2014-12-19,16.49
2762,2014-12-22,15.25
2763,2014-12-23,14.8
2764,2014-12-24,14.37
2765,2014-12-26,14.5
2766,2014-12-29,15.06
2767,2014-12-30,15.92
2768,2014-12-31,19.2
2769,2015-01-02,17.79
2770,2015-01-05,19.92
2771,2015-01-06,21.12
2772,2015-01-07,19.31
2773,2015-01-08,17.01
2774,2015-01-09,17.55
2775,2015-01-12,19.6
2776,2015-01-13,20.56
2777,2015-01-14,21.48
2778,2015-01-15,22.39
2779,2015-01-16,20.95
2780,2015-01-20,19.89
2781,2015-01-21,18.85
2782,2015-01-22,16.4
2783,2015-01-23,16.66
2784,2015-01-26,15.52
2785,2015-01-27,17.22
2786,2015-01-28,20.44
2787,2015-01-29,18.76
2788,2015-01-30,20.97
2789,2015-02-02,19.43
2790,2015-02-03,17.33
2791,2015-02-04,18.33
2792,2015-02-05,16.85
2793,2015-02-06,17.29
2794,2015-02-09,18.55
2795,2015-02-10,17.23
2796,2015-02-11,16.96
2797,2015-02-12,15.34
2798,2015-02-13,14.69
2799,2015-02-17,15.8
2800,2015-02-18,15.45
2801,2015-02-19,15.29
2802,2015-02-20,14.3
2803,2015-02-23,14.56
2804,2015-02-24,13.69
2805,2015-02-25,13.84
2806,2015-02-26,13.91
2807,2015-02-27,13.34
2808,2015-03-02,13.04
2809,2015-03-03,13.86
2810,2015-03-04,14.23
2811,2015-03-05,14.04
2812,2015-03-06,15.2
2813,2015-03-09,15.06
2814,2015-03-10,16.69
2815,2015-03-11,16.87
2816,2015-03-12,15.42
2817,2015-03-13,16.0
2818,2015-03-16,15.61
2819,2015-03-17,15.66
2820,2015-03-18,13.97
2821,2015-03-19,14.07
2822,2015-03-20,13.02
2823,2015-03-23,13.41
2824,2015-03-24,13.62
2825,2015-03-25,15.44
2826,2015-03-26,15.8
2827,2015-03-27,15.07
2828,2015-03-30,14.51
2829,2015-03-31,15.29
2830,2015-04-01,15.11
2831,2015-04-02,14.67
2832,2015-04-06,14.74
2833,2015-04-07,14.78
2834,2015-04-08,13.98
2835,2015-04-09,13.09
2836,2015-04-10,12.58
2837,2015-04-13,13.94
2838,2015-04-14,13.67
2839,2015-04-15,12.84
2840,2015-04-16,12.6
2841,2015-04-17,13.89
2842,2015-04-20,13.3
2843,2015-04-21,13.25
2844,2015-04-22,12.71
2845,2015-04-23,12.48
2846,2015-04-24,12.29
2847,2015-04-27,13.12
2848,2015-04-28,12.41
2849,2015-04-29,13.39
2850,2015-04-30,14.55
2851,2015-05-01,12.7
2852,2015-05-04,12.85
2853,2015-05-05,14.31
2854,2015-05-06,15.15
2855,2015-05-07,15.13
2856,2015-05-08,12.86
2857,2015-05-11,13.85
2858,2015-05-12,13.86
2859,2015-05-13,13.76
2860,2015-05-14,12.74
2861,2015-05-15,12.38
2862,2015-05-18,12.73
2863,2015-05-19,12.85
2864,2015-05-20,12.88
2865,2015-05-21,12.11
2866,2015-05-22,12.13
2867,2015-05-26,14.06
2868,2015-05-27,13.27
2869,2015-05-28,13.31
2870,2015-05-29,13.84
2871,2015-06-01,13.97
2872,2015-06-02,14.24
2873,2015-06-03,13.66
2874,2015-06-04,14.71
2875,2015-06-05,14.21
2876,2015-06-08,15.29
2877,2015-06-09,14.47
2878,2015-06-10,13.22
2879,2015-06-11,12.85
2880,2015-06-12,13.78
2881,2015-06-15,15.39
2882,2015-06-16,14.81
2883,2015-06-17,14.5
2884,2015-06-18,13.19
2885,2015-06-19,13.96
2886,2015-06-22,12.74
2887,2015-06-23,12.11
2888,2015-06-24,13.26
2889,2015-06-25,14.01
2890,2015-06-26,14.02
2891,2015-06-29,18.85
2892,2015-06-30,18.23
2893,2015-07-01,16.09
2894,2015-07-02,16.79
2895,2015-07-06,17.01
2896,2015-07-07,16.09
2897,2015-07-08,19.66
2898,2015-07-09,19.97
2899,2015-07-10,16.83
2900,2015-07-13,13.9
2901,2015-07-14,13.37
2902,2015-07-15,13.23
2903,2015-07-16,12.11
2904,2015-07-17,11.95
2905,2015-07-20,12.25
2906,2015-07-21,12.22
2907,2015-07-22,12.12
2908,2015-07-23,12.64
2909,2015-07-24,13.74
2910,2015-07-27,15.6
2911,2015-07-28,13.44
2912,2015-07-29,12.5
2913,2015-07-30,12.13
2914,2015-07-31,12.12
2915,2015-08-03,12.56
2916,2015-08-04,13.0
2917,2015-08-05,12.51
2918,2015-08-06,13.77
2919,2015-08-07,13.39
2920,2015-08-10,12.23
2921,2015-08-11,13.71
2922,2015-08-12,13.61
2923,2015-08-13,13.49
2924,2015-08-14,12.83
2925,2015-08-17,13.02
2926,2015-08-18,13.79
2927,2015-08-19,15.25
2928,2015-08-20,19.14
2929,2015-08-21,28.03
2930,2015-08-24,40.74
2931,2015-08-25,36.02
2932,2015-08-26,30.32
2933,2015-08-27,26.1
2934,2015-08-28,26.05
2935,2015-08-31,28.43
2936,2015-09-01,31.4
2937,2015-09-02,26.09
2938,2015-09-03,25.61
2939,2015-09-04,27.8
2940,2015-09-08,24.9
2941,2015-09-09,26.23
2942,2015-09-10,24.37
2943,2015-09-11,23.2
2944,2015-09-14,24.25
2945,2015-09-15,22.54
2946,2015-09-16,21.35
2947,2015-09-17,21.14
2948,2015-09-18,22.28
2949,2015-09-21,20.14
2950,2015-09-22,22.44
2951,2015-09-23,22.13
2952,2015-09-24,23.47
2953,2015-09-25,23.62
2954,2015-09-28,27.63
2955,2015-09-29,26.83
2956,2015-09-30,24.5
2957,2015-10-01,22.55
2958,2015-10-02,20.94
2959,2015-10-05,19.54
2960,2015-10-06,19.4
2961,2015-10-07,18.4
2962,2015-10-08,17.42
2963,2015-10-09,17.08
2964,2015-10-12,16.17
2965,2015-10-13,17.67
2966,2015-10-14,18.03
2967,2015-10-15,16.05
2968,2015-10-16,15.05
2969,2015-10-19,14.98
2970,2015-10-20,15.75
2971,2015-10-21,16.7
2972,2015-10-22,14.45
2973,2015-10-23,14.46
2974,2015-10-26,15.29
2975,2015-10-27,15.43
2976,2015-10-28,14.33
2977,2015-10-29,14.61
2978,2015-10-30,15.07
2979,2015-11-02,14.15
2980,2015-11-03,14.54
2981,2015-11-04,15.51
2982,2015-11-05,15.05
2983,2015-11-06,14.33
2984,2015-11-09,16.52
2985,2015-11-10,15.29
2986,2015-11-11,16.06
2987,2015-11-12,18.37
2988,2015-11-13,20.08
2989,2015-11-16,18.16
2990,2015-11-17,18.84
2991,2015-11-18,16.85
2992,2015-11-19,16.99
2993,2015-11-20,15.47
2994,2015-11-23,15.62
2995,2015-11-24,15.93
2996,2015-11-25,15.19
2997,2015-11-27,15.12
2998,2015-11-30,16.13
2999,2015-12-01,14.67
3000,2015-12-02,15.91
3001,2015-12-03,18.11
3002,2015-12-04,14.81
3003,2015-12-07,15.84
3004,2015-12-08,17.6
3005,2015-12-09,19.61
3006,2015-12-10,19.34
3007,2015-12-11,24.39
3008,2015-12-14,22.73
3009,2015-12-15,20.95
3010,2015-12-16,17.86
3011,2015-12-17,18.94
3012,2015-12-18,20.7
3013,2015-12-21,18.7
3014,2015-12-22,16.6
3015,2015-12-23,15.57
3016,2015-12-24,15.74
3017,2015-12-28,16.91
3018,2015-12-29,16.08
3019,2015-12-30,17.29
3020,2015-12-31,18.21
3021,2016-01-04,20.7
3022,2016-01-05,19.34
3023,2016-01-06,20.59
3024,2016-01-07,24.99
3025,2016-01-08,27.01
3026,2016-01-11,24.3
3027,2016-01-12,22.47
3028,2016-01-13,25.22
3029,2016-01-14,23.95
3030,2016-01-15,27.02
3031,2016-01-19,26.05
3032,2016-01-20,27.59
3033,2016-01-21,26.69
3034,2016-01-22,22.34
3035,2016-01-25,24.15
3036,2016-01-26,22.5
3037,2016-01-27,23.11
3038,2016-01-28,22.42
3039,2016-01-29,20.2
3040,2016-02-01,19.98
3041,2016-02-02,21.98
3042,2016-02-03,21.65
3043,2016-02-04,21.84
3044,2016-02-05,23.38
3045,2016-02-08,26.0
3046,2016-02-09,26.54
3047,2016-02-10,26.29
3048,2016-02-11,28.14
3049,2016-02-12,25.4
3050,2016-02-16,24.11
3051,2016-02-17,22.31
3052,2016-02-18,21.64
3053,2016-02-19,20.53
3054,2016-02-22,19.38
3055,2016-02-23,20.98
3056,2016-02-24,20.72
3057,2016-02-25,19.11
3058,2016-02-26,19.81
3059,2016-02-29,20.55
3060,2016-03-01,17.7
3061,2016-03-02,17.09
3062,2016-03-03,16.7
3063,2016-03-04,16.86
3064,2016-03-07,17.35
3065,2016-03-08,18.67
3066,2016-03-09,18.34
3067,2016-03-10,18.05
3068,2016-03-11,16.5
3069,2016-03-14,16.92
3070,2016-03-15,16.84
3071,2016-03-16,14.99
3072,2016-03-17,14.44
3073,2016-03-18,14.02
3074,2016-03-21,13.79
3075,2016-03-22,14.17
3076,2016-03-23,14.94
3077,2016-03-24,14.74
3078,2016-03-28,15.24
3079,2016-03-29,13.82
3080,2016-03-30,13.56
3081,2016-03-31,13.95
3082,2016-04-01,13.1
3083,2016-04-04,14.12
3084,2016-04-05,15.42
3085,2016-04-06,14.09
3086,2016-04-07,16.16
3087,2016-04-08,15.36
3088,2016-04-11,16.26
3089,2016-04-12,14.85
3090,2016-04-13,13.84
3091,2016-04-14,13.72
3092,2016-04-15,13.62
3093,2016-04-18,13.35
3094,2016-04-19,13.24
3095,2016-04-20,13.28
3096,2016-04-21,13.95
3097,2016-04-22,13.22
3098,2016-04-25,14.08
3099,2016-04-26,13.96
3100,2016-04-27,13.77
3101,2016-04-28,15.22
3102,2016-04-29,15.7
3103,2016-05-02,14.68
3104,2016-05-03,15.6
3105,2016-05-04,16.05
3106,2016-05-05,15.91
3107,2016-05-06,14.72
3108,2016-05-09,14.57
3109,2016-05-10,13.63
3110,2016-05-11,14.69
3111,2016-05-12,14.41
3112,2016-05-13,15.04
3113,2016-05-16,14.68
3114,2016-05-17,15.57
3115,2016-05-18,15.95
3116,2016-05-19,16.33
3117,2016-05-20,15.2
3118,2016-05-23,15.82
3119,2016-05-24,14.42
3120,2016-05-25,13.9
3121,2016-05-26,13.43
3122,2016-05-27,13.12
3123,2016-05-31,14.19
3124,2016-06-01,14.2
3125,2016-06-02,13.63
3126,2016-06-03,13.47
3127,2016-06-06,13.65
3128,2016-06-07,14.05
3129,2016-06-08,14.08
3130,2016-06-09,14.64
3131,2016-06-10,17.03
3132,2016-06-13,20.97
3133,2016-06-14,20.5
3134,2016-06-15,20.14
3135,2016-06-16,19.37
3136,2016-06-17,19.41
3137,2016-06-20,18.37
3138,2016-06-21,18.48
3139,2016-06-22,21.17
3140,2016-06-23,17.25
3141,2016-06-24,25.76
3142,2016-06-27,23.85
3143,2016-06-28,18.75
3144,2016-06-29,16.64
3145,2016-06-30,15.63
3146,2016-07-01,14.77
3147,2016-07-05,15.58
3148,2016-07-06,14.96
3149,2016-07-07,14.76
3150,2016-07-08,13.2
3151,2016-07-11,13.54
3152,2016-07-12,13.55
3153,2016-07-13,13.04
3154,2016-07-14,12.82
3155,2016-07-15,12.67
3156,2016-07-18,12.44
3157,2016-07-19,11.97
3158,2016-07-20,11.77
3159,2016-07-21,12.74
3160,2016-07-22,12.02
3161,2016-07-25,12.87
3162,2016-07-26,13.05
3163,2016-07-27,12.83
3164,2016-07-28,12.72
3165,2016-07-29,11.87
3166,2016-08-01,12.44
3167,2016-08-02,13.37
3168,2016-08-03,12.86
3169,2016-08-04,12.42
3170,2016-08-05,11.39
3171,2016-08-08,11.5
3172,2016-08-09,11.66
3173,2016-08-10,12.05
3174,2016-08-11,11.68
3175,2016-08-12,11.55
3176,2016-08-15,11.81
3177,2016-08-16,12.64
3178,2016-08-17,12.19
3179,2016-08-18,11.43
3180,2016-08-19,11.34
3181,2016-08-22,12.27
3182,2016-08-23,12.38
3183,2016-08-24,13.45
3184,2016-08-25,13.63
3185,2016-08-26,13.65
3186,2016-08-29,12.94
3187,2016-08-30,13.12
3188,2016-08-31,13.42
3189,2016-09-01,13.48
3190,2016-09-02,11.98
3191,2016-09-06,12.02
3192,2016-09-07,11.94
3193,2016-09-08,12.51
3194,2016-09-09,17.5
3195,2016-09-12,15.16
3196,2016-09-13,17.85
3197,2016-09-14,18.14
3198,2016-09-15,16.3
3199,2016-09-16,15.37
3200,2016-09-19,15.53
3201,2016-09-20,15.92
3202,2016-09-21,13.3
3203,2016-09-22,12.02
3204,2016-09-23,12.29
3205,2016-09-26,14.5
3206,2016-09-27,13.1
3207,2016-09-28,12.39
3208,2016-09-29,14.02
3209,2016-09-30,13.29
3210,2016-10-03,13.57
3211,2016-10-04,13.63
3212,2016-10-05,12.99
3213,2016-10-06,12.84
3214,2016-10-07,13.48
3215,2016-10-10,13.38
3216,2016-10-11,15.36
3217,2016-10-12,15.91
3218,2016-10-13,16.69
3219,2016-10-14,16.12
3220,2016-10-17,16.21
3221,2016-10-18,15.28
3222,2016-10-19,14.41
3223,2016-10-20,13.75
3224,2016-10-21,13.34
3225,2016-10-24,13.02
3226,2016-10-25,13.46
3227,2016-10-26,14.24
3228,2016-10-27,15.36
3229,2016-10-28,16.19
3230,2016-10-31,17.06
3231,2016-11-01,18.56
3232,2016-11-02,19.32
3233,2016-11-03,22.08
3234,2016-11-04,22.51
3235,2016-11-07,18.71
3236,2016-11-08,18.74
3237,2016-11-09,14.38
3238,2016-11-10,14.74
3239,2016-11-11,14.17
3240,2016-11-14,14.48
3241,2016-11-15,13.37
3242,2016-11-16,13.72
3243,2016-11-17,13.35
3244,2016-11-18,12.85
3245,2016-11-21,12.42
3246,2016-11-22,12.41
3247,2016-11-23,12.43
3248,2016-11-25,12.34
3249,2016-11-28,13.15
3250,2016-11-29,12.9
3251,2016-11-30,13.33
3252,2016-12-01,14.07
3253,2016-12-02,14.12
3254,2016-12-05,12.14
3255,2016-12-06,11.79
3256,2016-12-07,12.22
3257,2016-12-08,12.64
3258,2016-12-09,11.75
3259,2016-12-12,12.64
3260,2016-12-13,12.72
3261,2016-12-14,13.19
3262,2016-12-15,12.79
3263,2016-12-16,12.2
3264,2016-12-19,11.71
3265,2016-12-20,11.45
3266,2016-12-21,11.27
3267,2016-12-22,11.43
3268,2016-12-23,11.44
3269,2016-12-27,11.99
3270,2016-12-28,12.95
3271,2016-12-29,13.37
3272,2016-12-30,14.04
3273,2017-01-03,12.85
3274,2017-01-04,11.85
3275,2017-01-05,11.67
3276,2017-01-06,11.32
3277,2017-01-09,11.56
3278,2017-01-10,11.49
3279,2017-01-11,11.26
3280,2017-01-12,11.54
3281,2017-01-13,11.23
3282,2017-01-17,11.87
3283,2017-01-18,12.48
3284,2017-01-19,12.78
3285,2017-01-20,11.54
3286,2017-01-23,11.77
3287,2017-01-24,11.07
3288,2017-01-25,10.81
3289,2017-01-26,10.63
3290,2017-01-27,10.58
3291,2017-01-30,11.88
3292,2017-01-31,11.99
3293,2017-02-01,11.81
3294,2017-02-02,11.93
3295,2017-02-03,10.97
3296,2017-02-06,11.37
3297,2017-02-07,11.29
3298,2017-02-08,11.45
3299,2017-02-09,10.88
3300,2017-02-10,10.85
3301,2017-02-13,11.07
3302,2017-02-14,10.74
3303,2017-02-15,11.97
3304,2017-02-16,11.76
3305,2017-02-17,11.49
3306,2017-02-21,11.57
3307,2017-02-22,11.74
3308,2017-02-23,11.71
3309,2017-02-24,11.47
3310,2017-02-27,12.09
3311,2017-02-28,12.92
3312,2017-03-01,12.54
3313,2017-03-02,11.81
3314,2017-03-03,10.96
3315,2017-03-06,11.24
3316,2017-03-07,11.45
3317,2017-03-08,11.86
3318,2017-03-09,12.3
3319,2017-03-10,11.66
3320,2017-03-13,11.35
3321,2017-03-14,12.3
3322,2017-03-15,11.63
3323,2017-03-16,11.21
3324,2017-03-17,11.28
3325,2017-03-20,11.34
3326,2017-03-21,12.47
3327,2017-03-22,12.81
3328,2017-03-23,13.12
3329,2017-03-24,12.96
3330,2017-03-27,12.5
3331,2017-03-28,11.53
3332,2017-03-29,11.42
3333,2017-03-30,11.54
3334,2017-03-31,12.37
3335,2017-04-03,12.38
3336,2017-04-04,11.79
3337,2017-04-05,12.89
3338,2017-04-06,12.39
3339,2017-04-07,12.87
3340,2017-04-10,14.05
3341,2017-04-11,15.07
3342,2017-04-12,15.77
3343,2017-04-13,15.96
3344,2017-04-17,14.66
3345,2017-04-18,14.42
3346,2017-04-19,14.93
3347,2017-04-20,14.15
3348,2017-04-21,14.63
3349,2017-04-24,10.84
3350,2017-04-25,10.76
3351,2017-04-26,10.85
3352,2017-04-27,10.36
3353,2017-04-28,10.82
3354,2017-05-01,10.11
3355,2017-05-02,10.59
3356,2017-05-03,10.68
3357,2017-05-04,10.46
3358,2017-05-05,10.57
3359,2017-05-08,9.77
3360,2017-05-09,9.96
3361,2017-05-10,10.21
3362,2017-05-11,10.6
3363,2017-05-12,10.4
3364,2017-05-15,10.42
3365,2017-05-16,10.65
3366,2017-05-17,15.59
3367,2017-05-18,14.66
3368,2017-05-19,12.04
3369,2017-05-22,10.93
3370,2017-05-23,10.72
3371,2017-05-24,10.02
3372,2017-05-25,9.99
3373,2017-05-26,9.81
3374,2017-05-30,10.38
3375,2017-05-31,10.41
3376,2017-06-01,9.89
3377,2017-06-02,9.75
3378,2017-06-05,10.07
3379,2017-06-06,10.45
3380,2017-06-07,10.39
3381,2017-06-08,10.16
3382,2017-06-09,10.7
3383,2017-06-12,11.46
3384,2017-06-13,10.42
3385,2017-06-14,10.64
3386,2017-06-15,10.9
3387,2017-06-16,10.38
3388,2017-06-19,10.37
3389,2017-06-20,10.86
3390,2017-06-21,10.75
3391,2017-06-22,10.48
3392,2017-06-23,10.02
3393,2017-06-26,9.9
3394,2017-06-27,11.06
3395,2017-06-28,10.03
3396,2017-06-29,11.44
3397,2017-06-30,11.18
3398,2017-07-03,11.22
3399,2017-07-05,11.07
3400,2017-07-06,12.54
3401,2017-07-07,11.19
3402,2017-07-10,11.11
3403,2017-07-11,10.89
3404,2017-07-12,10.3
3405,2017-07-13,9.9
3406,2017-07-14,9.51
3407,2017-07-17,9.82
3408,2017-07-18,9.89
3409,2017-07-19,9.79
3410,2017-07-20,9.58
3411,2017-07-21,9.36
3412,2017-07-24,9.43
3413,2017-07-25,9.43
3414,2017-07-26,9.6
3415,2017-07-27,10.11
3416,2017-07-28,10.29
3417,2017-07-31,10.26
3418,2017-08-01,10.09
3419,2017-08-02,10.28
3420,2017-08-03,10.44
3421,2017-08-04,10.03
3422,2017-08-07,9.93
3423,2017-08-08,10.96
3424,2017-08-09,11.11
3425,2017-08-10,16.04
3426,2017-08-11,15.51
3427,2017-08-14,12.33
3428,2017-08-15,12.04
3429,2017-08-16,11.74
3430,2017-08-17,15.55
3431,2017-08-18,14.26
3432,2017-08-21,13.19
3433,2017-08-22,11.35
3434,2017-08-23,12.25
3435,2017-08-24,12.23
3436,2017-08-25,11.28
3437,2017-08-28,11.32
3438,2017-08-29,11.7
3439,2017-08-30,11.22
3440,2017-08-31,10.59
3441,2017-09-01,10.13
3442,2017-09-05,12.23
3443,2017-09-06,11.63
3444,2017-09-07,11.55
3445,2017-09-08,12.12
3446,2017-09-11,10.73
3447,2017-09-12,10.58
3448,2017-09-13,10.5
3449,2017-09-14,10.44
3450,2017-09-15,10.17
3451,2017-09-18,10.15
3452,2017-09-19,10.18
3453,2017-09-20,9.78
3454,2017-09-21,9.67
3455,2017-09-22,9.59
3456,2017-09-25,10.21
3457,2017-09-26,10.17
3458,2017-09-27,9.87
3459,2017-09-28,9.55
3460,2017-09-29,9.51
3461,2017-10-02,9.45
3462,2017-10-03,9.51
3463,2017-10-04,9.63
3464,2017-10-05,9.19
3465,2017-10-06,9.65
3466,2017-10-09,10.33
3467,2017-10-10,10.08
3468,2017-10-11,9.85
3469,2017-10-12,9.91
3470,2017-10-13,9.61
3471,2017-10-16,9.91
3472,2017-10-17,10.31
3473,2017-10-18,10.07
3474,2017-10-19,10.05
3475,2017-10-20,9.97
3476,2017-10-23,11.07
3477,2017-10-24,11.16
3478,2017-10-25,11.23
3479,2017-10-26,11.3
3480,2017-10-27,9.8
3481,2017-10-30,10.5
3482,2017-10-31,10.18
3483,2017-11-01,10.2
3484,2017-11-02,9.93
3485,2017-11-03,9.14
3486,2017-11-06,9.4
3487,2017-11-07,9.89
3488,2017-11-08,9.78
3489,2017-11-09,10.5
3490,2017-11-10,11.29
3491,2017-11-13,11.5
3492,2017-11-14,11.59
3493,2017-11-15,13.13
3494,2017-11-16,11.76
3495,2017-11-17,11.43
3496,2017-11-20,10.65
3497,2017-11-21,9.73
3498,2017-11-22,9.88
3499,2017-11-24,9.67
3500,2017-11-27,9.87
3501,2017-11-28,10.03
3502,2017-11-29,10.7
3503,2017-11-30,11.28
3504,2017-12-01,11.43
3505,2017-12-04,11.68
3506,2017-12-05,11.33
3507,2017-12-06,11.02
3508,2017-12-07,10.16
3509,2017-12-08,9.58
3510,2017-12-11,9.34
3511,2017-12-12,9.92
3512,2017-12-13,10.18
3513,2017-12-14,10.49
3514,2017-12-15,9.42
3515,2017-12-18,9.53
3516,2017-12-19,10.03
3517,2017-12-20,9.72
3518,2017-12-21,9.62
3519,2017-12-22,9.9
3520,2017-12-26,10.25
3521,2017-12-27,10.47
3522,2017-12-28,10.18
3523,2017-12-29,11.04
3524,2018-01-02,9.77
3525,2018-01-03,9.15
3526,2018-01-04,9.22
3527,2018-01-05,9.22
3528,2018-01-08,9.52
3529,2018-01-09,10.08
3530,2018-01-10,9.82
3531,2018-01-11,9.88
3532,2018-01-12,10.16
3533,2018-01-16,11.66
3534,2018-01-17,11.91
3535,2018-01-18,12.22
3536,2018-01-19,11.27
3537,2018-01-22,11.03
3538,2018-01-23,11.1
3539,2018-01-24,11.47
3540,2018-01-25,11.58
3541,2018-01-26,11.08
3542,2018-01-29,13.84
3543,2018-01-30,14.79
3544,2018-01-31,13.54
3545,2018-02-01,13.47
3546,2018-02-02,17.31
3547,2018-02-05,37.32
3548,2018-02-06,29.98
3549,2018-02-07,27.73
3550,2018-02-08,33.46
3551,2018-02-09,29.06
3552,2018-02-12,25.61
3553,2018-02-13,24.97
3554,2018-02-14,19.26
3555,2018-02-15,19.13
3556,2018-02-16,19.46
3557,2018-02-20,20.6
3558,2018-02-21,20.02
3559,2018-02-22,18.72
3560,2018-02-23,16.49
3561,2018-02-26,15.8
3562,2018-02-27,18.59
3563,2018-02-28,19.85
3564,2018-03-01,22.47
3565,2018-03-02,19.59
3566,2018-03-05,18.73
3567,2018-03-06,18.36
3568,2018-03-07,17.76
3569,2018-03-08,16.54
3570,2018-03-09,14.64
3571,2018-03-12,15.78
3572,2018-03-13,16.35
3573,2018-03-14,17.23
3574,2018-03-15,16.59
3575,2018-03-16,15.8
3576,2018-03-19,19.02
3577,2018-03-20,18.2
3578,2018-03-21,17.86
3579,2018-03-22,23.34
3580,2018-03-23,24.87
3581,2018-03-26,21.03
3582,2018-03-27,22.5
3583,2018-03-28,22.87
3584,2018-03-29,19.97
3585,2018-04-02,23.62
3586,2018-04-03,21.1
3587,2018-04-04,20.06
3588,2018-04-05,18.94
3589,2018-04-06,21.49
3590,2018-04-09,21.77
3591,2018-04-10,20.47
3592,2018-04-11,20.24
3593,2018-04-12,18.49
3594,2018-04-13,17.41
3595,2018-04-16,16.56
3596,2018-04-17,15.25
3597,2018-04-18,15.6
3598,2018-04-19,15.96
3599,2018-04-20,16.88
3600,2018-04-23,16.34
3601,2018-04-24,18.02
3602,2018-04-25,17.84
3603,2018-04-26,16.24
3604,2018-04-27,15.41
3605,2018-04-30,15.93
3606,2018-05-01,15.49
3607,2018-05-02,15.97
3608,2018-05-03,15.9
3609,2018-05-04,14.77
3610,2018-05-07,14.75
3611,2018-05-08,14.71
3612,2018-05-09,13.42
3613,2018-05-10,13.23
3614,2018-05-11,12.65
3615,2018-05-14,12.93
3616,2018-05-15,14.63
3617,2018-05-16,13.42
3618,2018-05-17,13.43
3619,2018-05-18,13.42
3620,2018-05-21,13.08
3621,2018-05-22,13.22
3622,2018-05-23,12.58
3623,2018-05-24,12.53
3624,2018-05-25,13.22
3625,2018-05-29,17.02
3626,2018-05-30,14.94
3627,2018-05-31,15.43
3628,2018-06-01,13.46
3629,2018-06-04,12.74
3630,2018-06-05,12.4
3631,2018-06-06,11.64
3632,2018-06-07,12.13
3633,2018-06-08,12.18
3634,2018-06-11,12.35
3635,2018-06-12,12.34
3636,2018-06-13,12.94
3637,2018-06-14,12.12
3638,2018-06-15,11.98
3639,2018-06-18,12.31
3640,2018-06-19,13.35
3641,2018-06-20,12.79
3642,2018-06-21,14.64
3643,2018-06-22,13.77
3644,2018-06-25,17.33
3645,2018-06-26,15.92
3646,2018-06-27,17.91
3647,2018-06-28,16.85
3648,2018-06-29,16.09
3649,2018-07-02,15.6
3650,2018-07-03,16.14
3651,2018-07-05,14.97
3652,2018-07-06,13.37
3653,2018-07-09,12.69
3654,2018-07-10,12.64
3655,2018-07-11,13.63
3656,2018-07-12,12.58
3657,2018-07-13,12.18
3658,2018-07-16,12.83
3659,2018-07-17,12.06
3660,2018-07-18,12.1
3661,2018-07-19,12.87
3662,2018-07-20,12.86
3663,2018-07-23,12.62
3664,2018-07-24,12.41
3665,2018-07-25,12.29
3666,2018-07-26,12.14
3667,2018-07-27,13.03
3668,2018-07-30,14.26
3669,2018-07-31,12.83
3670,2018-08-01,13.15
3671,2018-08-02,12.19
3672,2018-08-03,11.64
3673,2018-08-06,11.27
3674,2018-08-07,10.93
3675,2018-08-08,10.85
3676,2018-08-09,11.27
3677,2018-08-10,13.16
3678,2018-08-13,14.78
3679,2018-08-14,13.31
3680,2018-08-15,14.64
3681,2018-08-16,13.45
3682,2018-08-17,12.64
3683,2018-08-20,12.49
3684,2018-08-21,12.86
3685,2018-08-22,12.25
3686,2018-08-23,12.41
3687,2018-08-24,11.99
3688,2018-08-27,12.16
3689,2018-08-28,12.5
3690,2018-08-29,12.25
3691,2018-08-30,13.53
3692,2018-08-31,12.86
3693,2018-09-04,13.16
3694,2018-09-05,13.91
3695,2018-09-06,14.65
3696,2018-09-07,14.88
3697,2018-09-10,14.16
3698,2018-09-11,13.22
3699,2018-09-12,13.14
3700,2018-09-13,12.37
3701,2018-09-14,12.07
3702,2018-09-17,13.68
3703,2018-09-18,12.79
3704,2018-09-19,11.75
3705,2018-09-20,11.8
3706,2018-09-21,11.68
3707,2018-09-24,12.2
3708,2018-09-25,12.42
3709,2018-09-26,12.89
3710,2018-09-27,12.41
3711,2018-09-28,12.12
3712,2018-10-01,12.0
3713,2018-10-02,12.05
3714,2018-10-03,11.61
3715,2018-10-04,14.22
3716,2018-10-05,14.82
3717,2018-10-08,15.69
3718,2018-10-09,15.95
3719,2018-10-10,22.96
3720,2018-10-11,24.98
3721,2018-10-12,21.31
3722,2018-10-15,21.3
3723,2018-10-16,17.62
3724,2018-10-17,17.4
3725,2018-10-18,20.06
3726,2018-10-19,19.89
3727,2018-10-22,19.64
3728,2018-10-23,20.71
3729,2018-10-24,25.23
3730,2018-10-25,24.22
3731,2018-10-26,24.16
3732,2018-10-29,24.7
3733,2018-10-30,23.35
3734,2018-10-31,21.23
3735,2018-11-01,19.34
3736,2018-11-02,19.51
3737,2018-11-05,19.96
3738,2018-11-06,19.91
3739,2018-11-07,16.36
3740,2018-11-08,16.72
3741,2018-11-09,17.36
3742,2018-11-12,20.45
3743,2018-11-13,20.02
3744,2018-11-14,21.25
3745,2018-11-15,19.98
3746,2018-11-16,18.14
3747,2018-11-19,20.1
3748,2018-11-20,22.48
3749,2018-11-21,20.8
3750,2018-11-23,21.52
3751,2018-11-26,18.9
3752,2018-11-27,19.02
3753,2018-11-28,18.49
3754,2018-11-29,18.79
3755,2018-11-30,18.07
3756,2018-12-03,16.44
3757,2018-12-04,20.74
3758,2018-12-06,21.19
3759,2018-12-07,23.23
3760,2018-12-10,22.64
3761,2018-12-11,21.76
3762,2018-12-12,21.46
3763,2018-12-13,20.65
3764,2018-12-14,21.63
3765,2018-12-17,24.52
3766,2018-12-18,25.58
3767,2018-12-19,25.58
3768,2018-12-20,28.38
3769,2018-12-21,30.11
3770,2018-12-24,36.07
3771,2018-12-26,30.41
3772,2018-12-27,29.96
3773,2018-12-28,28.34
3774,2018-12-31,25.42
3775,2019-01-02,23.22
3776,2019-01-03,25.45
3777,2019-01-04,21.38
3778,2019-01-07,21.4
3779,2019-01-08,20.47
3780,2019-01-09,19.98
3781,2019-01-10,19.5
3782,2019-01-11,18.19
3783,2019-01-14,19.07
3784,2019-01-15,18.6
3785,2019-01-16,19.04
3786,2019-01-17,18.06
3787,2019-01-18,17.8
3788,2019-01-22,20.8
3789,2019-01-23,19.52
3790,2019-01-24,18.89
3791,2019-01-25,17.42
3792,2019-01-28,18.87
3793,2019-01-29,19.13
3794,2019-01-30,17.66
3795,2019-01-31,16.57
3796,2019-02-01,16.14
3797,2019-02-04,15.73
3798,2019-02-05,15.57
3799,2019-02-06,15.38
3800,2019-02-07,16.37
3801,2019-02-08,15.72
3802,2019-02-11,15.97
3803,2019-02-12,15.43
3804,2019-02-13,15.65
3805,2019-02-14,16.22
3806,2019-02-15,14.91
3807,2019-02-19,14.88
3808,2019-02-20,14.02
3809,2019-02-21,14.46
3810,2019-02-22,13.51
3811,2019-02-25,14.85
3812,2019-02-26,15.17
3813,2019-02-27,14.7
3814,2019-02-28,14.78
3815,2019-03-01,13.57
3816,2019-03-04,14.63
3817,2019-03-05,14.74
3818,2019-03-06,15.74
3819,2019-03-07,16.59
3820,2019-03-08,16.05
3821,2019-03-11,14.33
3822,2019-03-12,13.77
3823,2019-03-13,13.41
3824,2019-03-14,13.5
3825,2019-03-15,12.88
3826,2019-03-18,13.1
3827,2019-03-19,13.56
3828,2019-03-20,13.91
3829,2019-03-21,13.63
3830,2019-03-22,16.48
3831,2019-03-25,16.33
3832,2019-03-26,14.68
3833,2019-03-27,15.15
3834,2019-03-28,14.43
3835,2019-03-29,13.71
3836,2019-04-01,13.4
3837,2019-04-02,13.36
3838,2019-04-03,13.74
3839,2019-04-04,13.58
3840,2019-04-05,12.82
3841,2019-04-08,13.18
3842,2019-04-09,14.28
3843,2019-04-10,13.3
3844,2019-04-11,13.02
3845,2019-04-12,12.01
3846,2019-04-15,12.32
3847,2019-04-16,12.18
3848,2019-04-17,12.6
3849,2019-04-18,12.09
3850,2019-04-22,12.42
3851,2019-04-23,12.28
3852,2019-04-24,13.14
3853,2019-04-25,13.25
3854,2019-04-26,12.73
3855,2019-04-29,13.11
3856,2019-04-30,13.12
3857,2019-05-01,14.8
3858,2019-05-02,14.42
3859,2019-05-03,12.87
3860,2019-05-06,15.44
3861,2019-05-07,19.32
3862,2019-05-08,19.4
3863,2019-05-09,19.1
3864,2019-05-10,16.04
3865,2019-05-13,20.55
3866,2019-05-14,18.06
3867,2019-05-15,16.44
3868,2019-05-16,15.29
3869,2019-05-17,15.96
3870,2019-05-20,16.31
3871,2019-05-21,14.95
3872,2019-05-22,14.75
3873,2019-05-23,16.92
3874,2019-05-24,15.85
3875,2019-05-28,17.5
3876,2019-05-29,17.9
3877,2019-05-30,17.3
3878,2019-05-31,18.71
3879,2019-06-03,18.86
3880,2019-06-04,16.97
3881,2019-06-05,16.09
3882,2019-06-06,15.93
3883,2019-06-07,16.3
3884,2019-06-10,15.94
3885,2019-06-11,15.99
3886,2019-06-12,15.91
3887,2019-06-13,15.82
3888,2019-06-14,15.28
3889,2019-06-17,15.35
3890,2019-06-18,15.15
3891,2019-06-19,14.33
3892,2019-06-20,14.75
3893,2019-06-21,15.4
3894,2019-06-24,15.26
3895,2019-06-25,16.28
3896,2019-06-26,16.21
3897,2019-06-27,15.82
3898,2019-06-28,15.08
3899,2019-07-01,14.06
3900,2019-07-02,12.93
3901,2019-07-03,12.57
3902,2019-07-05,13.28
3903,2019-07-08,13.96
3904,2019-07-09,14.09
3905,2019-07-10,13.03
3906,2019-07-11,12.93
3907,2019-07-12,12.39
3908,2019-07-15,12.68
3909,2019-07-16,12.86
3910,2019-07-17,13.97
3911,2019-07-18,13.53
3912,2019-07-19,14.45
3913,2019-07-22,13.53
3914,2019-07-23,12.61
3915,2019-07-24,12.07
3916,2019-07-25,12.74
3917,2019-07-26,12.16
3918,2019-07-29,12.83
3919,2019-07-30,13.94
3920,2019-07-31,16.12
3921,2019-08-01,17.87
3922,2019-08-02,17.61
3923,2019-08-05,24.59
3924,2019-08-06,20.17
3925,2019-08-07,19.49
3926,2019-08-08,16.91
3927,2019-08-09,17.97
3928,2019-08-12,21.09
3929,2019-08-13,17.52
3930,2019-08-14,22.1
3931,2019-08-15,21.18
3932,2019-08-16,18.47
3933,2019-08-19,16.88
3934,2019-08-20,17.5
3935,2019-08-21,15.8
3936,2019-08-22,16.68
3937,2019-08-23,19.87
3938,2019-08-26,19.32
3939,2019-08-27,20.31
3940,2019-08-28,19.35
3941,2019-08-29,17.88
3942,2019-08-30,18.98
3943,2019-09-03,19.66
3944,2019-09-04,17.33
3945,2019-09-05,16.27
3946,2019-09-06,15.0
3947,2019-09-09,15.27
3948,2019-09-10,15.2
3949,2019-09-11,14.61
3950,2019-09-12,14.22
3951,2019-09-13,13.74
3952,2019-09-16,14.67
3953,2019-09-17,14.44
3954,2019-09-18,13.95
3955,2019-09-19,14.05
3956,2019-09-20,15.32
3957,2019-09-23,14.91
3958,2019-09-24,17.05
3959,2019-09-25,15.96
3960,2019-09-26,16.07
3961,2019-09-27,17.22
3962,2019-09-30,16.24
3963,2019-10-01,18.56
3964,2019-10-02,20.56
3965,2019-10-03,19.12
3966,2019-10-04,17.04
3967,2019-10-07,17.86
3968,2019-10-08,20.28
3969,2019-10-09,18.64
3970,2019-10-10,17.57
3971,2019-10-11,15.58
3972,2019-10-14,14.57
3973,2019-10-15,13.54
3974,2019-10-16,13.68
3975,2019-10-17,13.79
3976,2019-10-18,14.25
3977,2019-10-21,14.0
3978,2019-10-22,14.46
3979,2019-10-23,14.01
3980,2019-10-24,13.71
3981,2019-10-25,12.65
3982,2019-10-28,13.11
3983,2019-10-29,13.2
3984,2019-10-30,12.33
3985,2019-10-31,13.22
3986,2019-11-01,12.3
3987,2019-11-04,12.83
3988,2019-11-05,13.1
3989,2019-11-06,12.62
3990,2019-11-07,12.73
3991,2019-11-08,12.07
3992,2019-11-11,12.69
3993,2019-11-12,12.68
3994,2019-11-13,13.0
3995,2019-11-14,13.05
3996,2019-11-15,12.05
3997,2019-11-18,12.46
3998,2019-11-19,12.86
3999,2019-11-20,12.78
4000,2019-11-21,13.13
4001,2019-11-22,12.34
4002,2019-11-25,11.87
4003,2019-11-26,11.54
4004,2019-11-27,11.75
4005,2019-11-29,12.62
4006,2019-12-02,14.91
4007,2019-12-03,15.96
4008,2019-12-04,14.8
4009,2019-12-05,14.52
4010,2019-12-06,13.62
4011,2019-12-09,15.86
4012,2019-12-10,15.68
4013,2019-12-11,14.99
4014,2019-12-12,13.94
4015,2019-12-13,12.63
4016,2019-12-16,12.14
4017,2019-12-17,12.29
4018,2019-12-18,12.58
4019,2019-12-19,12.5
4020,2019-12-20,12.51
4021,2019-12-23,12.61
4022,2019-12-24,12.67
4023,2019-12-26,12.65
4024,2019-12-27,13.43
4025,2019-12-30,14.82
4026,2019-12-31,13.78
4027,2020-01-02,12.47
4028,2020-01-03,14.02
4029,2020-01-06,13.85
4030,2020-01-07,13.79
4031,2020-01-08,13.45
4032,2020-01-09,12.54
4033,2020-01-10,12.56
4034,2020-01-13,12.32
4035,2020-01-14,12.39
4036,2020-01-15,12.42
4037,2020-01-16,12.32
4038,2020-01-17,12.1
4039,2020-01-21,12.85
4040,2020-01-22,12.91
4041,2020-01-23,12.98
4042,2020-01-24,14.56
4043,2020-01-27,18.23
4044,2020-01-28,16.28
4045,2020-01-29,16.39
4046,2020-01-30,15.49
4047,2020-01-31,18.84
4048,2020-02-03,17.97
4049,2020-02-04,16.05
4050,2020-02-05,15.15
4051,2020-02-06,14.96
4052,2020-02-07,15.47
4053,2020-02-10,15.04
4054,2020-02-11,15.18
4055,2020-02-12,13.74
4056,2020-02-13,14.15
4057,2020-02-14,13.68
4058,2020-02-18,14.83
4059,2020-02-19,14.38
4060,2020-02-20,15.56
4061,2020-02-21,17.08
4062,2020-02-24,25.03
4063,2020-02-25,27.85
4064,2020-02-26,27.56
4065,2020-02-27,39.16
4066,2020-02-28,40.11
4067,2020-03-02,33.42
4068,2020-03-03,36.82
4069,2020-03-04,31.99
4070,2020-03-05,39.62
4071,2020-03-06,41.94
4072,2020-03-09,54.46
4073,2020-03-10,47.3
4074,2020-03-11,53.9
4075,2020-03-12,75.47
4076,2020-03-13,57.83
4077,2020-03-16,82.69
4078,2020-03-17,75.91
4079,2020-03-18,76.45
4080,2020-03-19,72.0
4081,2020-03-20,66.04
4082,2020-03-23,61.59
4083,2020-03-24,61.67
4084,2020-03-25,63.95
4085,2020-03-26,61.0
4086,2020-03-27,65.54
4087,2020-03-30,57.08
4088,2020-03-31,53.54
4089,2020-04-01,57.06
4090,2020-04-02,50.91
4091,2020-04-03,46.8
4092,2020-04-06,45.24
4093,2020-04-07,46.7
4094,2020-04-08,43.35
4095,2020-04-09,41.67
4096,2020-04-13,41.17
4097,2020-04-14,37.76
4098,2020-04-15,40.84
4099,2020-04-16,40.11
4100,2020-04-17,38.15
4101,2020-04-20,43.83
4102,2020-04-21,45.41
4103,2020-04-22,41.98
4104,2020-04-23,41.38
4105,2020-04-24,35.93
4106,2020-04-27,33.29
4107,2020-04-28,33.57
4108,2020-04-29,31.23
4109,2020-04-30,34.15
4110,2020-05-01,37.19
4111,2020-05-04,35.97
4112,2020-05-05,33.61
4113,2020-05-06,34.12
4114,2020-05-07,31.44
4115,2020-05-08,27.98
4116,2020-05-11,27.57
4117,2020-05-12,33.04
4118,2020-05-13,35.28
4119,2020-05-14,32.61
4120,2020-05-15,31.89
4121,2020-05-18,29.3
4122,2020-05-19,30.53
4123,2020-05-20,27.99
4124,2020-05-21,29.53
4125,2020-05-22,28.16
4126,2020-05-26,28.01
4127,2020-05-27,27.62
4128,2020-05-28,28.59
4129,2020-05-29,27.51
4130,2020-06-01,28.23
4131,2020-06-02,26.84
4132,2020-06-03,25.66
4133,2020-06-04,25.81
4134,2020-06-05,24.52
4135,2020-06-08,25.81
4136,2020-06-09,27.57
4137,2020-06-10,27.57
4138,2020-06-11,40.79
4139,2020-06-12,36.09
4140,2020-06-15,34.4
4141,2020-06-16,33.67
4142,2020-06-17,33.47
4143,2020-06-18,32.94
4144,2020-06-19,35.12
4145,2020-06-22,31.77
4146,2020-06-23,31.37
4147,2020-06-24,33.84
4148,2020-06-25,32.22
4149,2020-06-26,34.73
4150,2020-06-29,31.78
4151,2020-06-30,30.43
4152,2020-07-01,28.62
4153,2020-07-02,27.68
4154,2020-07-06,27.94
4155,2020-07-07,29.43
4156,2020-07-08,28.08
4157,2020-07-09,29.26
4158,2020-07-10,27.29
4159,2020-07-13,32.19
4160,2020-07-14,29.52
4161,2020-07-15,27.76
4162,2020-07-16,28.0
4163,2020-07-17,25.68
4164,2020-07-20,24.46
4165,2020-07-21,24.84
4166,2020-07-22,24.32
4167,2020-07-23,26.08
4168,2020-07-24,25.84
4169,2020-07-27,24.74
4170,2020-07-28,25.44
4171,2020-07-29,24.1
4172,2020-07-30,24.76
4173,2020-07-31,24.46
4174,2020-08-03,24.28
4175,2020-08-04,23.76
4176,2020-08-05,22.99
4177,2020-08-06,22.65
4178,2020-08-07,22.21
4179,2020-08-10,22.13
4180,2020-08-11,24.03
4181,2020-08-12,22.28
4182,2020-08-13,22.13
4183,2020-08-14,22.05
4184,2020-08-17,21.35
4185,2020-08-18,21.51
4186,2020-08-19,22.54
4187,2020-08-20,22.72
4188,2020-08-21,22.54
4189,2020-08-24,22.37
4190,2020-08-25,22.03
4191,2020-08-26,23.27
4192,2020-08-27,24.47
4193,2020-08-28,22.96
4194,2020-08-31,26.41
4195,2020-09-01,26.12
4196,2020-09-02,26.57
4197,2020-09-03,33.6
4198,2020-09-04,30.75
